SAGUARO SAHA SAHAGIAN SAHAGUN SAHARA SAIA SAIF SAITAMA SAJAK SAK SAKAI SAKAL SAKAMOTO SAKATA SAKAU SAKI SAKIGAKE SAKINA SAKO SAKOWITZ SAKOWSKI SAKS SAKS'S SAKSA SAKSIDA SAKUMA SAKURA SAKURAI SAL SALA SALABLE SALABLES SALAD SALADA SALADIN SALADINO SALADS SALAFIA SALAK SALAM SALAMA SALAMANCA SALAMI SALAMIS SALAMON SALANT SALAS SALATA SALATINO SALAZ SALAZAR SALCEDO SALCIDO SALDANA SALDIVAR SALDOVAR SALEH SALEK SALEM SALEMA SALEMI SALERNO SALGADO SALHANY SALIBA SALIENT SALIF SALIGMAN SALIM SALIN SALINA SALINAS SALINAS'S SALINITY SALIS SALIVA SALIVATED SALKELD SALKIN SALMELA SALMEN SALMERON SALMI SALMINEN SALMOND SALMONSON SALO SALOMA SALOME SALOMI SALOMON SALOMONE SALON SALONGA SALONS SALOPEK SALSA SALSMAN SALT SALTED SALTON SALTS SALTSMAN SALTY SALTZ SALTZMAN SALUS SALUTATORIAN SALUTED SALVA SALVADOR SALVADORAN SALVADORANS SALVADORE SALVAS SALVATI SALVATO SALVATORE SALVATORI SALVESEN SALVESON SALVI SALVIA SALVIGSEN SALVIGSTEN SALVINA SALVINO SALVO SALVOS SALWEN SALYARDS SALZ SALZANO SALZMAN SALZWEDEL SAM SAMA SAMAHA SAMANO SAMAR SAMARIN SAMARITAN SAMARITANS SAMARKAND SAMATAR SAMBA SAMBO SAMBORSKI SAMBRANO SAMBRE SAMCOR SAMEDAN SAMEK SAMELSON SAMET SAMI SAMINA SAMIR SAMOA SAMOAN SAMONS SAMORA SAMOS SAMP SAMPAN SAMPANS SAMPLE SAMPLED SAMPLES SAMPRAS SAMPRAS'S SAMPRE SAMPSEL SAMPSON SAMRA SAMS SAMSARA SAMSEL SAMSOM SAMSON SAMUDIO SAMUEL SAN SANA SANABRIA SANADA SANBORN SANCTIFY SANCTIMONY SANCTITY SANCTUARY SANCTUM SAND SANDA SANDAL SANDALO SANDALS SANDBAG SANDBAGS SANDBAR SANDBLAST SANDBLASTED SANDED SANDEL SANDEN SANDGREN SANDHOG SANDHOGS SANDHU SANDI SANDIA SANDIN SANDINISTA SANDINISTAS SANDINO SANDLIN SANDMAN SANDO SANDOM SANDON SANDOS SANDOVAL SANDOZ SANDOZ'S SANDQUIST SANDRA SANDRO SANDS SANDSTORM SANDSTORMS SANDSTROM SANDUSKY SANDVIG SANDVIK SANDY SANGYO SANHEDRIN SANI SANITARY SANITY SANJIV SANJUAN SANK SANKA SANKARA SANKO SANKS SANKYO SANMARK SANMARTIN SANO SANOFI SANRIO SANS SANSBURY SANSKRIT SANSO SANSOM SANSON SANSUI SANT SANTA SANTAGATA SANTALA SANTANA SANTANGELO SANTAS SANTE SANTERIA SANTI SANTIA SANTIAGO SANTIDAD SANTIN SANTINI SANTINO SANTISTEVAN SANTO SANTON SANTONE SANTONI SANTORA SANTORE SANTORO SANTORUM SANTOS SANTOYO SANTRY SANTY SANWA SANYO SANZ SANZO SANZONE SAOUMA SAP SAPANSKI SAPIA SAPIENS SAPIRO SAPOA SAPONE SAPORITO SAPS SAPUTO SAR SARA SARACENI SARACENO SARACENS SARACINO SARAFIN SARAFINA SARAJEVAN SARAJEVANS SARAJEVO SARANDON SARANT SARASIN SARASOTA SARATOGA SARATOV SARAWAK SARAZEN SARAZIN SARCASTIC SARCOMA SARDAS SARDINA SARDINAS SARDINHA SARDINIA SARDO SARDONIC SAREJEVO SARGEN SARGENT SARGIS SARI SARIN SARINE SARIS SARISI SARK SARKA SARKAR SARKIS SARLI SARLO SARLOS SARMENTO SARNA SARNI SARNO SAROFIM SAROKIN SAROS SAROWIWA SARS SARTI SARTIN SARTORI SARTORIAL SARTORIUS SARTRE SARUM SARVIS SAS SASAKI SASAYAMA SASEK SAT SATAN SATANIC SATANIST SATED SATIN SATINS SATIRIC SATIRICAL SATISFY SATO SATRIANI SATYA SATYANDRA SATZ SAVA SAVAGERY SAVAGES SAVALA SAVALAS SAVANT SAVANTS SAVARESE SAVARINO SAVARY SAVAS SAVASTA SAVASTANO SAVEDRA SAVEL SAVIANO SAVIKAS SAVIMBI SAVIN SAVINA SAVINI SAVINO SAVIO SAVION SAVITSKY SAVITZ SAVKO SAVO SAVOCA SAVOIA SAVON SAVONA SAVR SAWA SAWATZKY SAWAYA SAWICKI SAXE SAXER SAXON'S SAXOPHONIST SAYED SAZAMA SCAB SCABS SCAD SCADS SCADUTO SCAFIDI SCAGLIONE SCAGS SCALA SCALD SCALDED SCALDS SCALEATRON SCALERA SCALESE SCALF SCALFARO SCALI SCALIA SCALISI SCALP SCALPEL SCALPELS SCALPS SCALZI SCALZO SCAM SCAMS SCAN SCANDAL SCANDALS SCANDIA SCANDINAVIA SCANDINAVIAN SCANDINAVIANS SCANIA SCANLAN SCANLAND SCANLIN SCANLON SCANS SCANT SCANTILY SCANTLIN SCANTY SCAPA SCAR SCARANO SCARBRO SCARCITY SCARDINA SCARDINO SCARF SCARFO SCARFS SCARIEST SCARLATA SCARLET SCAROLA SCARP SCARPA SCARPATI SCARPINO SCARPONE SCARS SCARY SCAT SCATENA SCATOLOGICAL SCATOLOGY SCAVO SCERBO SCHISM SCHISMS SCIOS SCIOTO SCITEX SCLAFANI SCOBY SCOGIN SCOLA SCOLARI SCOLARO SCOLD SCOLDED SCOLDS SCOLIA SCOMA SCONC SCONCES SCONNIX SCOPIC SCOR SCORN SCORNFUL SCORNS SCORPIO SCORPION SCORPIONS SCORZA SCOT SCOTLAND SCOTS SCOTSMAN SCOVEL SCOVIL SCOZZAFAVA SCRAMBLE SCRAMBLED SCRAMBLES SCRAMBLING SCRANTON SCRAP SCRAPS SCRIMP SCRIP SCRIPT SCRIPTED SCRIPTS SCRIVEN SCRIVENS SCROD SCROGHAM SCRUB SCRUPLE SCRUPLES SCRUPULOUS SCRUPULOUSLY SCRUTINIZES SCRUTINY SCRUTON SCUBA SCUD SCUDERI SCUDS SCULPT SCULPTED SCULPTS SCUM SEBALD SEBASTIANA SEBASTIANI SEBASTIANIS SEBEK SEBESTA SEBI SEBO SEBOLD SEC SECADA SECEDED SECLUDED SECO SECOM SECOMERICA SECOND SECONDARILY SECONDARY SECONDED SECONDHAND SECONDLY SECONDS SECORD SECRECY SECREST SECRET SECRETARIAL SECRETARIAT SECRETARY SECRETED SECRETLY SECRETS SECRIST SECT SECTARIAN SECTS SECULAR SECULARIST SECULARISTS SECULOW SECUNDA SECURE SECURED SECURELY SECURES SECURING SECURITIES SECURITIZATION SECURITIZE SECURITIZED SECURITIZING SECURITY'S SEDA SEDALIA SEDAM SEDAN SEDANO SEDANS SEDATED SEDCO SEDENTARY SEDIMENT SEDIMENTS SEDITA SEDIVY SEDLACEK SEDLAK SEDONA SEDOR SEDORE SEDUM SEDUMS SEFCIK SEFTON SEGA SEGAL SEGALAS SEGEL SEGMENT SEGMENTED SEGMENTS SEGO SEGOVIA SEGRAVES SEGREGATED SEGREST SEGRETO SEGUNDO SEGUR SEGURA SEGUROS SEIDL SEIX SEIXAS SEKI SEKISUI SEKO SEKULA SEL SELA SELAS SELBY SELDA SELDEN SELDIN SELDOM SELDON SELECT SELECTED SELECTIVITY SELECTNET SELECTS SELENA SELENIUM SELES SELF SELFS SELIA SELIG SELIGA SELIGMAN SELIGSON SELIN SELINA SELINAS SELINAS'S SELINDA SELJUK SELK SELKIN SELMA SELMAN SELMON SELTZ SELVA SELVIG SELWIN SELWITZ SELWYN SELZ SEMA SEMAN SEMANS SEMANTIC SEMANTICS SEMEGRAN SEMEL SEMELE SEMEN SEMENZA SEMI SEMICLAD SEMICON SEMICYLINDRICAL SEMIDRY SEMIFINAL SEMIFINALIST SEMIFINALISTS SEMIFINALS SEMILEGENDARY SEMINAL SEMINAR SEMINARA SEMINARIAN SEMINARIANS SEMINARIO SEMINARS SEMINARY SEMIONENKOV SEMIOTIC SEMIOTICS SEMIRA SEMIS SEMISECRECY SEMITIC SEMITROPICAL SEMOLINA SEMON SEMONES SEMPLE SEMRAD SEN SENA SENATORE SENATORIAL SEND SENDAK SENDAWAL SENDERO SENDO SENDS SENECA SENECAL SENEGAL SENEGAMBIA SENESAC SENF SENFT SENILITY SENIORITY SENK SENKO SENS SENSATIONALISM SENSENIG SENSES SENSIBILITY SENSIBLE SENSIBLY SENSITIVITY SENSUALITY SENSUOUS SENT SENTENCES SENTIMENT SENTIMENTAL SENTIMENTALITY SENTIMENTS SENTINEL SENTINELS SENTMAN SENTRA SENTRAS SENTRY SENTY SENTZ SENZAKI SEO SEP SEPARATISM SEPEDA SEPIA SEPIK SEPSIS SEPT SEPTA SEPTIC SEPTIMA SEPTIMUS SEPTUAGENARIAN SEPULVADO SEPULVEDA SEQUA SEQUEL SEQUELS SEQUENCES SEQUENT SEQUIN SEQUINS SERA SERAFIN SERAGUT SERDA SERENA SERENADED SERENDIPITY SERENGETI SERENO SERGI SERIA SERIAL SERIALS SERIO SERLO SERNA SEROKA SEROLOGICAL SEROLOGIST SEROLOGY SERONO SERPA SERUM SESAME SESDAQ SESE SESIT SESKAR SESLER SESNO SESTAK SESTITO SET SETARO SETI SETO SETON SETS SETUP SETUPS SEVCIK SEVE SEVEN SEVENFOLD SEVENS SEVENTY SEVERA SEVEREST SEVERITY SEVIGNY SEVIN SEVRUGA SEVY SEXED SEXIER SEXINESS SEXLESS SEXSON SEXTING SEXUALLY SFORZA SFUZZI SGAMBATI SGRO SHEVTL SI SIAD SIAM SIANO SIB SIBERIA SIBERIAN SIBIL SIBILIA SIBLE SIBSON SIBYL SIC SICA SICILIA SICILIAN SICILIANO SICILY SICONOLFI SID SIDAK SIDED SIDEK SIDHU SIDI SIDLE SIDLED SIDLER SIDLES SIDLING SIDMAN SIDON SIDONIA SIDOTI SIDRA SIDS SIEDLECKI SIENKO SIERACKI SIFCO SIFT SIFTED SIFTS SIFUENTES SIG SIGAL SIGALA SIGEL SIGFREDA SIGLE SIGLER SIGLIN SIGMA SIGMAFORM SIGMAN SIGMON SIGMUND SIGNA SIGNAL SIGNALS SIGNATORY SIGNET SIGNIFICANT SIGNIFICANTLY SIGNIFY SIGNOR SIGNORE SIGNORI SIGRID SIGRIST SIGWALD SIKORA SIKORSKI SIKORSKY SIL SILAS SILENCES SILENT SILENTLY SILEO SILGA SILICA SILICON SILK SILKEN SILKS SILKY SILMAN SILMON SILO SILOS SILSBY SILT SILTEC SILVA SILVADIO SILVANA SILVAR SILVAS SILVERA SILVERI SILVERIA SILVERIO SILVESTRE SILVESTRI SILVESTRO SILVI SILVIA SILVIO SILVIS SILVIUS SIM SIMA SIMAS SIMBA SIMCO SIMEK SIMENSON SIMENTAL SIMEON SIMI SIMIAN SIMILARITY SIMINSKI SIMION SIMIONE SIMISON SIMKIN SIMKINS SIMKO SIMLER SIMO SIMON SIMONA SIMONDS SIMONET SIMONI SIMONIAN SIMONIN SIMONIS SIMONS SIMONSEN SIMONSON SIMONTON SIMONY SIMPKINS SIMPLE SIMPLER SIMPLEST SIMPLICITY SIMPLIFY SIMPLISTIC SIMPLOT SIMPLY SIMPSON SIMPSONS SIMS SIMSBURY SIMSON SIMULATE SIMULATES SIMULATING SIMULATION SIMULATIONS SIMULATOR SIMULATORS SIN SINAGRA SINATRA SINBAD SINCERITY SIND SINDONA SINDONI SINEAD SINEGAL SINEWY SINFONIA SINFUL SINGAPOREAN SINGAPOREANS SINGEL SINGLE SINGLED SINGLEHANDEDLY SINGLER SINGLES SINGLETARY SINGLETON SINGLING SINGLY SINGULAR SINGULARLY SINHA SINIBALDI SINISI SINK SINKO SINKS SINO SINOPEC SINOPOLI SINS SINSEL SINTON SINUS SINUSES SINYARD SIP SIPA SIPLE SIPOS SIPS SIRACUSA SIRACUSE SIRAGUSA SIRAVO SIREK SIREN SIRENA SIRENS SIRHAN SIRI SIRIGNANO SIRIS SIROKY SIRON SIROTA SIROWITZ SIS SISCO SISK SISKA SISKEL SISKIN SISKIND SISKO SISLER SISON SISTARE SISTEK SISTI SISTO SISTRUNK SISULU SIT SITAR SITARS SITCOM SITCOMS SITED SITEK SITENSKI SITENSKIS SITIVENI SITKA SITKO SITLER SITMAR SITO SITS SITUATED SITUS SITZ SITZES SITZMAN SIU SIUDA SIVAK SIVILS SIVY SIWEK SIXED SIXER SIXERS SIXTEEN SIXTEENS SIXTH SIXTHS SIXTIES SIXTIETH SIXTY'S SIZABLE SIZES SKALA SKALSKI SKALSKY SKANDIA SKANDINAVISKA SKANSKA SKARDA SKATED SKELETAL SKELETON SKELETONS SKELTON SKENDERIAN SKEPTIC SKEPTICAL SKEPTICS SKERDAL SKEW SKEWS SKI SKIBA SKIBINSKI SKIBO SKID SKIDS SKILTON SKIM SKIMP SKIMPIEST SKIMPY SKIN SKINFLINT SKINKS SKINS SKIP SKIPS SKIPTON SKIS SKIT SKITS SKLAR SKODA SKOG SKOGEN SKOGLUND SKOK SKOLNIK SKOLNIKS SKOP SKOPJE SKORA SKOV SKRAMSTAD SKRZYPEK SKUDRA SKUFCA SKULK SKUNK SKUNKS SKURA SKY SKYCAP SKYLARK SKYLARKS SKYTEL SKYWEST SLAB SLABS SLABY SLADEK SLADKY SLAG SLAGEL SLAGLE SLALOM SLAM SLAMA SLAMS SLANINA SLANT SLANTED SLAP SLAPS SLAT SLATED SLATEN SLATKIN SLATON SLATS SLAV SLAVA SLAVEN SLAVENS SLAVIC SLAVIK SLAVIN SLAVINSKI SLAVONIA SLAVS SLAWINSKI SLED SLEDS SLEDZ SLEMP SLENTZ SLEPIAN SLEPT SLEVEN SLEVIN SLEZAK SLICES SLID SLIFKA SLIFKO SLIM SLIMAK SLIMP SLIMS SLIMY SLINKY SLIP SLIPS SLIT SLITS SLIVA SLIVINSKI SLIVKA SLIVOVITZ SLIWA SLIWINSKI SLOB SLOBODA SLOBODAN SLOBOGIN SLOBS SLOCAN SLOCUM SLOG SLOGAN SLOGANS SLOKUM SLOMA SLOMAN SLOMINSKI SLOMSKI SLOP SLORC SLOT SLOTA SLOTS SLOVACEK SLOVAK SLOVAKIA SLOVAKS SLOVENIA SLOVENIAN SLOVENLY SLOVO SLOVONIA SLUG SLUGA SLUGFEST SLUGS SLUKA SLUM SLUMP SLUMPS SLUMS SLUPIC SLUT SLUTSKY SLUTZ SLUTZKY SLY SLYLY SMABY SMALLPOX SMALTZ SMARMY SMART SMARTCARD SMARTED SMARTEN SMARTEST SMARTLY SMARTS SMARTY SMEBY SMEJKAL SMELT SMELTZ SMESTAD SMET SMETANA SMID SMIDT SMIGEL SMIGELSKI SMILGIS SMINK SMISEK SMIT SMITS SMOG SMOKY SMOLA SMOLAK SMOLEN SMOLENSK SMOLENSKI SMOLIK SMOLIN SMOLINSKI SMOLINSKY SMOLKA SMORGASBORD SMUG SMUGLY SMUT SMYLY SNABEL SNAFU SNAFUS SNAG SNAGS SNAP SNAPDRAGON SNAPDRAGONS SNAPS SNARL SNARLED SNARLS SNARSKI SNECMA SNELSON SNIA SNIP SNIPS SNOB SNOBS SNORKEL SNORT SNORTED SNORTS SNOT SNUB SNUBS SNUG SNUGLY SO SOAPBOX SOB SOBEK SOBEL SOBELMAN SOBIBOR SOBIESKI SOBIL SOBILS SOBIN SOBLE SOBOCINSKI SOBOL SOBOLESKI SOBOLEWSKI SOBOLIK SOBON SOBOTA SOBOTKA SOBRIETY SOBS SOCAL SOCANAV SOCIALISM SOCIETA SOCIETAL SOCIETE SOCIETY SOCIO SOCIOECONOMIC SOCIOLOGICAL SOCIOLOGIST SOCIOLOGISTS SOCIOLOGY SOCO SOCOL SOCRATES SOCRATIC SOD SODA SODANO SODARO SODAS SODECOM SODEN SODITIC SODIUM SODOM SODOMIZES SODOMY SODUS SOFA SOFAMOR SOFAS SOFIA SOFIAN SOFIANS SOFITEL SOFRANKO SOFT SOFTBANK SOFTDRINK SOFTEST SOFTLY SOFTSPOKEN SOGO SOHIO SOHO SOJA SOK SOKOL SOKOLIK SOKOLIN SOKOLOSKI SOKOLOV SOKOLOWSKI SOL SOLA SOLAK SOLAMAN SOLAN SOLANA SOLAND SOLANGI SOLANO SOLARES SOLARI SOLARIS SOLARZ SOLD SOLDAN SOLDANO SOLDO SOLEM SOLEMIN SOLEMNITY SOLERI SOLI SOLICIT SOLICITED SOLICITS SOLID SOLIDARITY SOLIDIFY SOLIDITY SOLIDLY SOLIDS SOLILOQUY SOLIMAN SOLIMINE SOLIMON SOLIN SOLINGEN SOLIS SOLITA SOLITARY SOLITEC SOLITRON SOLIZ SOLO SOLOIST SOLOISTS SOLOMAN SOLOMON SOLOMOS SOLON SOLORIO SOLORZANO SOLOS SOLSTICES SOLT SOLTERO SOLTI SOLTIS SOLTYS SOLTYSIAK SOLUM SOLVABLE SOLVENCY SOLVENT SOLVENTS SOLVIG SOLWIN SOM SOMA SOMALI SOMALIA SOMALIAN SOMALIANS SOMALIAS SOMALILAND SOMALIS SOMATOGEN SOMATOTROPIN SOMBRERO SOMNOLENT SOMOGYI SOMOZA SON SONAR SONAT SONATA SONATAS SONDAG SONDRA SONESTA SONET SONGY SONI SONIA SONIC SONICS SONJA SONJI SONOCO SONODA SONOGRAM SONOGRAMS SONOMA SONORA SONS SONTAG SONUM SONY SONYA SOP SOPKO SOPRANO SOPRANOS SOPS SOQUIP SOR SORBO SORBUS SORCI SORDID SORDONI SOREL SORENSEN SORENSON SORG SORGEN SORIA SORIANO SORIN SORKIN SOROKA SOROS SOROS'S SOROVSKI SORT SORTED SORTINO SORTS SORUM SORUS SORVINO SOSA SOSIN SOSINSKI SOSKIN SOSNA SOSNOWSKI SOSUKE SOT SOTAK SOTELO SOTO SOTOLONGO SOVA SOVIET SOVIET-UNION SOVIETOLOGIST SOVIETOLOGISTS SOVIETS SOVRAN SOVRANS SOVYETSKY SOZA SOZIO SPA SPACEK SPACES SPADA SPADAFORA SPADARO SPADONI SPADY SPAGNA SPAGNOLA SPAGNOLI SPAGNOLO SPAGO SPAK SPALINK SPALVINS SPAM SPAMPINATO SPAN SPANGLE SPANGLED SPANGLER SPANIEL SPANIOL SPANK SPANKY SPANO SPANOS SPANS SPANTON SPAR SPARC SPARGO SPARK SPARKLE SPARKLED SPARKLES SPARKLY SPARKMAN SPARKS SPARKY SPARLIN SPARTA SPARTACUS SPARTAN SPARTZ SPAS SPASMODIC SPAT SPATAFORA SPATARO SPATOLA SPATS SPATULA SPATZ SPAVO SPAZIANI SPEC SPECIALITY SPECIFIC SPECIFICITY SPECIFICS SPECIFY SPECIMEN SPECIMENS SPECS SPECTACLE SPECTACLES SPECTACULAR SPECTACULARLY SPECTRA SPECTRAN SPECTROMETRY SPECTROSCOPY SPECTRUM SPECTRUMS SPECULATE SPECULATES SPECULATING SPECULATION SPECULATIONS SPECULATIVE SPECULATOR SPECULATORS SPED SPEGAL SPEKTR SPELMAN SPELTZ SPELUNK SPELUNKS SPEND SPENDABLE SPENDS SPENO SPENS SPENT SPERA SPERO SPEROS SPETSNAZ SPEVAK SPEW SPEWS SPEZIALE SPEZZANO SPHINX SPIC SPICES SPICUZZA SPICY SPIDEL SPIDLE SPIGOT SPIGOTS SPIKY SPILMAN SPILOTRO SPILT SPIN SPINA SPINAL SPINALE SPINDEL SPINDLE SPINDLER SPINK SPINKS SPINKS'S SPINO SPINOLA SPINOSA SPINOZA SPINS SPINY SPIRA SPIRAL SPIRALS SPIRIT SPIRITED SPIRITO SPIRITS SPIRITUALLY SPIRO SPISAK SPIT SPITALE SPITERI SPITS SPITZ SPITZNAGEL SPIVA SPIVAK SPIWAK SPLAT SPLENDID SPLENDIDLY SPLENIC SPLICES SPLINT SPLINTS SPLIT SPLITS SPODEN SPOGLI SPOKEN SPOKENLY SPOLETO SPONGES SPONGY SPONSEL SPONSLER SPONTANEITY SPORKIN SPORN SPORT SPORTED SPORTS SPORTSBAR SPORTSCLUB SPORTSMAN SPORTSMEN SPORTY SPOSATO SPOSITO SPOT SPOTO SPOTS SPRACKLEN SPRADLIN SPRANKLE SPRATLIN SPRENKLE SPRINKEL SPRINKLE SPRINKLED SPRINKLES SPRINT SPRINTED SPRINTS SPROGUS SPROGUS'S SPRY SPUD SPUDS SPUN SPUNK SPUNKY SPURIOUS SPUTNIK SPUTNIKS SPY SQUAD SQUADRON SQUADRONS SQUADS SQUALID SQUAT SQUATS SQUID SQUINT SRAM SRAMEK SRDAN SREBRENICA'S SREMAC SRI SRINAGAR SRINAGARB SRINIVAS SRINIVASAN SRIRAM SRIVASTAVA SROKA ST-JAMES ST-JOHNS STA STAB STABILITY STABILIZES STABLE STABLER STABLES STABS STAC STACY STADEL STADELMAN STADIA STADIUM STADIUMS STADNIK STADT STAG STAGES STAGLIANO STAGNANT STAGNARO STAGNATED STAHLE STAI STALCUP STALIN STALINGRAD STALINIST STALINISTIC STALINISTS STALON STAM STAMAND STAMANT STAMAS STAMATY STAMENSON STAMINA STAMOS STAMP STAMPEDED STAMPFLI STAMPS STAN STANALAND STANBIC STANBURY STANCES STANCIK STANCIL STANCO STAND STANDA STANDBY STANDBYS STANDEN STANDS STANDUP STANEK STANGA STANGEL STANGELAND STANGELO STANGLAND STANGLE STANGLER STANGO STANIAR STANIS STANISLAS STANISLAV STANISLAWSKI STANK STANKO STANKOWSKI STANKUS STANLY STANO STANSBURY STANSEL STANSKY STANT STANTON STANZA STANZAS STANZIONE STAPEL STAPF STAPLE STAPLED STAPLER STAPLERS STAPLES STAPLETON STAPLING STAR STARACE STARCRAFT STARDEL STARDENT STARDOM STARDUST STARIN STARK STARKEL STARKIST STARKLY STARKMAN STARKS STARLET STARLETS STARLIN STARLIT STARMAN STARN STARNS STARODUBSTEV STARON STARS START STARTED STARTLE STARTLED STARTLES STARTS STARTUP STARTUPS STARWALT STARY STARZYK STASI STASIAK STASIK STASIO STASKO STASNY STASTNY STAT STATED STATEN STATIC STATIN STATINS STATIST STATISTIC STATISTICAL STATISTICS STATISTS STATON STATS STATUARY STATUM STATUS STATUTORILY STATUTORY STATZ STAVINOHA STAVOLA STAVROS STAWSKI STEC STEDMAN STEFA STEFAN STEFANI STEFANIAK STEFANIC STEFANIK STEFANKO STEFANO STEFANOPOLIS STEFANSKI STEFKO STEGENGA STEGMAN STEHLE STEIDL STEJSKAL STEKLY STELCO STELIAN STELTZ STEM STEMEN STEMPEL STEMPLE STEMPOSTS STEMS STEN STENA STENCEL STENCIL STENDAL STENDIG STENGEL STENHOLM STENO STENQUIST STENSLAND STENSON STENSRUD STENSTROM STENT STENTZ STENY STENZ STENZEL STEP STEPAN STEPANEK STEPANIAN STEPANSKI STEPIEN STEPKA STEPS STEPSON STERBA STEREO STEREOS STEREOTYPICAL STERILIZES STET STETSON STETZ STETZEL STEUBEN STEVANA STEVEN STEVENA STEVENS STEVENS'S STEVENSON STEVESON STEVISON STIBEL STIDHAM STIFEL STIFLE STIFLED STIFLES STIG STIGLITZ STIGMA STIGMATA STIKA STIL STILS STILSON STILT STILTED STILTS STIMAC STIMPSON STIMPY STIMSON STIMULATE STIMULATES STIMULATING STIMULATION STIMULATIVE STIMULATOR STIMULATORS STINAR STINEL STINGY STINK STINKBUG STINKBUGS STINKS STINKY STINSON STINT STINTS STIPEND STIPENDS STIPULATE STIPULATES STIPULATING STIPULATION STIPULATIONS STITZ STITZEL STIVORIC STOCUM STODOLA STODOLSKY STOFKO STOGA STOIA STOIC STOICS STOKLOSA STOL STOLARSKI STOLARZ STOLEN STOLFI STOLID STOLP STOLT STOLTMAN STOLTZ STOLTZFUS STOLTZMAN STOLZ STOMA STOMATA STOMP STONY STOP STOPA STOPGAP STOPKA STOPS STORA STORK STORM STORMENT STORMIEST STORMONT STORMS STORMY STORTI STORTS STORTZ STORY STORZ STOTZ STRADA STRADIVARIUS STRAHAN STRAHLE STRAKA STRAM STRANAHAN STRAND STRANDED STRANDS STRANGEST STRANGIS STRANGLE STRANGLED STRANGLEHOLD STRANGLING STRANGULATE STRANGULATION STRANGULATIONS STRANO STRANSKY STRAP STRAPS STRATA STRATACOM STRATAGEM STRATAGEMS STRATAS STRATEGEM STRATEGIC STRATEGICAL STRATEGIST STRATEGISTS STRATEGY STRATIFY STRATMAN STRATUM STRATUS STRATUS'S STRAVINSKY STREB STREBEL STRENIO STRENUOUS STRENUOUSLY STREP STREPS STREVIG STRIBLING STRICKLEN STRICT STRICTEST STRICTLY STRIDENCY STRIDENT STRIDENTLY STRIMPLE STRINDEN STRINGENCY STRINGENT STRINGENTLY STRIP STRIPLIN STRIPS STRIVEN STRNAD STROBEL STROBLE STROJNY STROM STROMA STROMAN STROMBOLI STROMGREN STROMQUIST STRONGEST STRONTIUM STRUB STRUBEL STRUBLE STRUM STRUMS STRUNK STRUT STRUTS STRUTZ STU STUB STUBS STUD STUDENT STUDENTS STUDIO STUDIOS STUDNICKA STUDS STUDT STUDY STUKA STUKEL STULTIFY STULTS STULTZ STUM STUMBLE STUMBLED STUMBLES STUMBLING STUMBO STUMP STUMPF STUMPO STUMPS STUN STUNK STUNS STUNT STUNTED STUNTS STUNTZ STUPA STUPAK STUPID STUPIDEST STUPIDITY STUPIDLY STUPKA STUPSKI STUTSMAN STUTZ STUTZMAN STY STYGIAN STYLIST STYLISTIC STYLISTS STYLUS STYRON STYS ST_CHARLES ST_CLAIR ST_DENNIS ST_JAMES ST_JEAN ST_JOHN ST_LAURENT ST_LOUIS ST_LUCIA ST_PETER SU SUARD SUAREZ SUATA SUAZO SUB SUBA SUBACUTE SUBANDRIO SUBATOMIC SUBCOMPACT SUBCOMPACTS SUBCONTINENT SUBCONTINENTS SUBCONTRACT SUBCONTRACTED SUBCONTRACTS SUBDIVIDED SUBFAMILY SUBIA SUBIC SUBJECT SUBJECTED SUBJECTIVITY SUBJECTS SUBJUGATED SUBLET SUBLIMINAL SUBLUXATION SUBLUXATIONS SUBMINIMUM SUBMIT SUBMITS SUBORDINATED SUBPAR SUBPLOT SUBPLOTS SUBPRINCIPAL SUBPRINCIPALS SUBRAMANIAN SUBROTO SUBS SUBS'S SUBSAHARAN SUBSEQUENT SUBSEQUENTLY SUBSET SUBSIDED SUBSIDIARY SUBSIDIZES SUBSIDY SUBSIST SUBSTANCES SUBSTANTIATED SUBSTITUTED SUBSTITUTIONS SUBSYSTEM SUBSYSTEMS SUBTITLE SUBTITLED SUBTITLES SUBTLY SUBTRACT SUBTRACTED SUBVOLCANIC SUBZERO SUC SUCCINCT SUCCINCTLY SUCCULENT SUCCULENTS SUDA SUDAFED SUDAN SUDANO SUDBURY SUDLER SUDOL SUDS SUEZ SUEZ'S SUFFIX SUFFUSES SUGDEN SUGGEST SUGGESTED SUGGESTIBLE SUGGESTS SUGIHARA SUGIMOTO SUGIYAMA SUHARTO SUHUA SUHUD SUI SUICIDAL SUK SUKARNO SUKI SUKRU SUKUP SUL SULAK SULAWESI SULEK SULFA SULIK SULK SULKOWSKI SULPETRO SULT SULTAN SULTANS SULTON SULTRY SULYA SUM SUMA SUMAC SUMAN SUMARLIN SUMATOMA SUMATOMO SUMATRA SUMATRAN SUMIDA SUMINSKI SUMITA SUMITOMO SUMLIN SUMO SUMP SUMS SUN SUNAMERICA SUNBELT SUNCOR SUND SUNDAR SUNDARARAJAN SUNDBY SUNDIN SUNDLUN SUNDQUIST SUNDRY SUNDSTRAND SUNDSTROM SUNDY SUNGARD SUNI SUNIA SUNIGA SUNIL SUNK SUNKEN SUNKIST SUNLAND SUNLIT SUNOBE SUNOCO SUNS SUNSERI SUNSET SUNSETS SUNSPOT SUNSPOTS SUNSTAR SUNTAN SUNTORY SUNTRUST SUNUNU SUNUP SUNY SUON SUP SUPAK SUPAN SUPERHUMAN SUPERIORITY SUPERVALU SUPINSKI SUPRA SUPREMACIST SUPREMACISTS SUPREMACY SUPREMELY SUPRENANT SURA SURACE SUREN SUREST SURETY SURIANO SURINAM SURLES SURTAX SURTAXES SUS SUSA SUSAN SUSANA SUSI SUSKI SUSKIND SUSKO SUSMAN SUSPECT SUSPECTED SUSPECTS SUSPEND SUSPENDED SUSPENDS SUSSEX SUSTEREN SUSUMU SUSY SUTERA SUTFIN SUTO SUTRO SUVA SUZMAN SUZUANA SUZUKI SUZY SVEC SVEN SVENDSEN SVENSK SVENSKA SVENSON SVETLANA SVETLIK SVITAK SVOBODA SWAB SWABS SWABY SWAHILI SWAM SWAMI SWAMP SWAMPS SWAMPY SWAN SWANDA SWANGO SWANIGAN SWANK SWANKY SWANS SWANSON SWANSTROM SWANTEK SWANTON SWANZY SWAP SWAPO SWAPS SWARD SWARM SWARMS SWAROVSKI SWART SWARTS SWARTZ SWASTIKA SWASTIKAS SWAT SWATEK SWAZI SWAZILAND SWED SWEDA SWEDEN SWEDLUND SWELTRY SWEM SWENDSEN SWENET SWENSEN SWENSON SWEPT SWETLAND SWETNAM SWETZ SWIATEK SWIATKOWSKI SWIFT SWIFTEST SWIFTLY SWIFTS SWIG SWIGART SWIHART SWIM SWIMS SWINDLE SWINDLED SWINDLER SWINDLES SWINGLE SWINGLER SWINK SWINSON SWINT SWINTON SWISTAK SWITALA SWITALSKI SWIVEL SWIVELS SWOBODA SWORN SWUM SWYTO SY SYBIL SYBRON SYCARA SYD SYGMA SYKORA SYLMAR SYLVA SYLVAN SYLVANA SYLVANIA SYLVANUS SYLVEST SYLVIA SYLVIO SYM SYMANSKI SYMANTEC SYMBION SYMBIOSIS SYMBIOTIC SYMBOL SYMBOLIC SYMBOLICS SYMBOLISTS SYMBOLIZES SYMBOLS SYMON SYMONDS SYMONS SYMPOSIUM SYMPOSIUMS SYMPSON SYMPTOM SYMPTOMATIC SYMPTOMS SYMS SYMTRON SYN SYNA SYNAN SYNAR SYNBIOTICS SYNC SYNCOM SYNCOPATED SYNCOPE SYNCOR SYNDICATED SYNDICATS SYNERGISM SYNHORST SYNOD SYNONYM SYNOPSIS SYNOPTIC SYNOPTICS SYNOVUS SYP SYPNIEWSKI SYPOLT SYRACUSE SYREK SYRIA SYRIAN SYRIANS SYRON SYSCO SYSCON SYSTEM SYSTEMAT SYSTEMATIC SYSTEMATICS SYSTEMIC SYSTEMS SYSTRAN SYTSMA T'S T-LAM T. T.S TA TAB TABACALERA TABAK TABAKA TABAR TABARES TABASCO TABLE TABLED TABLER TABLES TABLET TABLETOP TABLETS TABLING TABRON TABS TABULATE TABULATING TABULATION TABULATIONS TAC TACIT TACITA TACITLY TACO TACOMA TACOS TACT TACTFUL TACTIC TACTICAL TACTICS TACY TAD TADA TADIC TADROS TAFARO TAFEL TAFT TAG TAGALOG TAGAMET TAGANKA TAGLE TAGS TAHITI TAIRA TAJ TAJIK TAJIKISTAN TAJIMA TAK TAKACS TAKAGI TAKAKI TAKAKO TAKAO TAKARA TAKASAGO TAKATA TAKAYAMA TAKEDA TAKEMOTO TAKEMURA TAKEN TAKEO TAKETA TAKETOMI TAKI TAKU TAL TALAGA TALAL TALAMANTES TALAMANTEZ TALAMO TALARICO TALAVERA TALBOT TALBOTS TALC TALCS TALCUM TALENT TALENTED TALENTS TALIBAN TALIBANS TALIGENT TALISMAN TALMAN TALMOR TALMUD TALON TALONS TALSMA TALTON TALTOS TALTY TAM TAMA TAMALES TAMANAHA TAMARA TAMARGO TAMAS TAMAYO TAMBLYN TAMBO TAMBOCOR TAMBRANDS TAMBURO TAMEZ TAMI TAMIAMI TAMIL TAMILS TAMKE TAMP TAMPA TAMPLIN TAMPON TAMPONS TAMPOPO TAMPOSI TAMPS TAMRAZ TAMRAZ'S TAMRES TAMURA TAN TANABE TANAKA TANARTKIT TANCREDI TANCREDO TANDEM TANDON TANDY TANDYCRAFT TANDYCRAFTS TANEJA TANEN TANGENT TANGENTS TANGIBLE TANGIBLES TANGIBLY TANGLE TANGLED TANGLES TANGO TANGOS TANGREDI TANGUMA TANI TANIA TANIMOTO TANIMURA TANIS TANJUG TANK TANKAN TANKS TANS TANSKI TANSY TANT TANTALIZES TANTALUM TANTALUS TANTON TANTRIC TANTRUM TANTRUMS TANU TANYA TANZANIA TANZANIAN TANZI TAOISM TAORMINA TAP TAPAS TAPESTRY TAPIA TAPIAS TAPLIN TAPS TAR TARA TARAHUMARA TARANGO TARANTINO TARANTULA TARANTULAS TARAS TARBET TARDIF TARDITI TARDY TARGET TARGETED TARGETS TARIN TARIQ TARLTON TARMAC TARMACS TARMAN TARO TAROM TARP TARPON TARPS TARPY TARQUINIO TARSES TARSUS TART TARTAGLIA TARTAGLIONE TARTAN TARTLY TARTS TARVIN TARZAN TASCA TASK TASKS TASMAN TASMANIA TASMANIAN TASTED TASTY TAT TATA TATEHO TATEM TATIANA TATMAN TATOM TATRA TATRO TATSUNO TATU TATUM TATYANA TAVANO TAVARES TAVAREZ TAVEL TAVERA TAVERAS TAVERNA TAVERNAS TAVIS TAVIST TAVLIN TAVY TAWANA TAXATION TAXED TAXER TAXERS TAXES' TAXI'S TAXIDERMIST TAXIDERMISTS TAXIDERMY TAXIED TAXIING TAXING TAXIWAY TE TEBELSKIS TEBO TEC TECLA TECO TECOGEN TECOS TECTONIC TECTONICS TED TEDESCO TEDIUM TEDMAN TEDMOND TEDMUND TEFLON TEFRA TEGUCIGALPA TEICHOLZ TEJADA TEJAN TEJANO TEJAS TEJEDA TEJON TEK TEL TELAMON TELCO TELE TELECABLE TELECARD TELECAST TELECASTS TELECOM TELECOMS TELECREDIT TELECTRON TELECTRONIC TELECTRONICS TELEDESIC TELEFON TELEFONICA TELEFONOS TELEFUNKEN TELEGENIC TELEGRAM TELEGRAMS TELEKOM TELEMARKET TELEMATIC TELEMATICS TELEMEDIA TELEMETRY TELEMUNDO TELENET TELEOLOGICAL TELEPORT TELEQUEST TELESAT TELESCO TELESCOPIC TELESCRIPT TELESIS TELESIS'S TELESYSTEM TELETRON TELEVANGELIST TELEVANGELISTS TELEVIDEO TELEVISA TELEVISON TELEWEST TELEXED TELIT TELOS TELSTAR TELSTRA TELUGU TELXON TEMCO TEMERITY TEMKIN TEMP TEMPE TEMPEL TEMPELSMAN TEMPEST TEMPESTA TEMPLE TEMPLEMAN TEMPLER TEMPLERS TEMPLES TEMPLET TEMPLETON TEMPLIN TEMPO TEMPOS TEMPS TEMPT TEMPTED TEMPTS TEN TENA TENABLE TENACITY TENAGLIA TENANCY TENANT TENANTS TENBRINK TEND TENDED TENDENCY TENDON TENDONS TENDS TENEMENT TENEMENTS TENERA TENET TENETS TENFOLD TENGIZ TENORIO TENPAS TENRECS TENS TENT TENTACLE TENTACLES TENTS TENUTA TEO TEODORO TEPID TEPLY TEPOZTLAN TERADATA TERAN TERASAWA TERI TERIYAKI TERLECKI TERPSTRA TERRITORIALISM TERUKO TERUYA TERVO TESAR TESCO TESKA TESLA TESLER TESLIK TESMER TESOBONO TESOBONOS TESOL TESORO TEST TESTA TESTAMENT TESTAMENTS TESTED TESTES TESTICLE TESTICLES TESTICULAR TESTIFY TESTILY TESTIMONIAL TESTIMONIALS TESTIMONY TESTON TESTS TESTURO TESTY TET TETA TETANUS TETI TETON TETONS TETRA TETRADS TETRAHEDRAL TETRAHEDRON TETRAVALENT TETRO TETSUJI TETSUO TEVA TEVATRON TEVIS TEVLIN TEXACO'S TEXAN'S TEXEIRA TEXPOOL TEXSCAN TEXSTAR TEXTBOOK TEXTBOOKS TEXTER TEXTILE TEXTILES TEXTING TEXTOR TEXTRON'S TEZAK TEZENO THAXTON THEISM THOMAS' THORAX TI TIA TIAN TIANANMEN TIANJIN TIANO TIARA TIARAS TIBERI TIBERIA TIBERIO TIBET TIBETAN TIBETANS TIBI TIBIA TIC TICINUS TICOR TICS TIDAL TIDBIT TIDBITS TIDY TIEN TIENANMEN TIFT TIFTON TIG TIGAR TIGERA TIGON TIGRIS TIJERINA TIKI TIL TILBURY TILDA TILDEN TILMAN TILSON TILT TILTED TILTON TILTS TIM TIMAN TIMBLIN TIMBUKTU TIMEPLEX TIMID TIMIDITY TIMIDLY TIMISOARA TIMKEN TIMKO TIMLEN TIMLIN TIMON TIMOR TIMPANI TIMPONE TIMPSON TIMS TIMSON TIMURIAN TIN TINA TINAJERO TINDAL TINDEL TINDERBOX TINDLE TINDOL TINGLE TINGLER TINGLING TINIEST TINKLE TINKLED TINKLER TINKLING TINMAN TINO TINOCO TINS TINSEL TINSMAN TINT TINTED TINTO TINTON TINTS TINY TIP TIPA TIPLER TIPO TIPS TIPSY TIPTON TIRADO TIRAMISU TIRANA TIROS TIS TISDEL TISON TIT TITA TITAN TITANIA TITANIC TITANIUM TITANS TITINUS TITLE TITLED TITLES TITMAN TITO TITUS TIVOLI TLATELOCO TLINGIT TO TOA TOBAGO TOBEN TOBIA TOBIAS TOBIASON TOBIN TOBLER TOBOLSKI TOBRUK TOBU TOBY TOD TODA TODARO TODISCO TODMAN TODT TOFT TOFU TOGA TOGNINO TOGO TOGS TOKAR TOKARS TOKARSKI TOKARZ TOKEN TOKENS TOKIO TOKOS TOKUNAGA TOKUYAMA TOKYO TOKYU TOL TOLAN TOLAND TOLD TOLDRIAN TOLEDO TOLEN TOLENTINO TOLIN TOLMAN TOLSMA TOLSON TOM TOMA TOMAINO TOMAKO TOMAN TOMANEK TOMARO TOMAS TOMASEK TOMASI TOMASIC TOMASIK TOMASINA TOMASINE TOMASINI TOMASINO TOMASKO TOMASO TOMASULO TOMATINO TOMATO TOMATOS TOMBLIN TOMCAT TOMEK TOMEO TOMILSON TOMITA TOMKIN TOMKINS TOMKINSON TOMKO TOMLIN TOMLINSON TOMPKINS TOMPKINSES TOMPSON TOMS TOMSIC TOMSON TON TONAL TONALITY TONAWANDA TONDA TONEGAWA TONGA TONI TONIA TONIC TONICS TONINI TONJES TONK TONKA TONKIN TONKS TONS TONSIL TONSILS TONTI TONTON TONTONS TONY TONYA TONYES TONYS TONYSK TOOLBOX TOP TOPALIAN TOPANGA TOPAZ TOPEKA TOPEKAN TOPEKANS TOPEL TOPIARY TOPIC TOPICAL TOPICS TOPKAPI TOPOL TOPOLOGICAL TOPOLOGY TOPOLSKI TOPS TOPSY TOQUEPALA TOR TORALD TORAN TOREN TORGESON TORI TORIAN TORIBIO TORIENTE TORINO TORKELSON TORMA TORMENT TORMENTA TORMENTED TORMENTS TORN TORNABENE TORNADIC TORNADO TORNADOS TORNATORE TORNO TORNQUIST TORO TOROK TORONADO TORP TORPEDO TORPEDOS TORPID TORSO TORSOS TORSTAR TORSTEN TORT TORTI TORTORA TORTORICI TORTS TORTUOUS TORU TORUMI TORY TOSCA TOSCANINI TOSCANO TOSCO TOSI TOSO TOSTADO TOSTENSON TOSTI TOSTO TOT TOTA TOTAL TOTALITARIAN TOTALITARIANS TOTALITY TOTALS TOTARO TOTED TOTEM TOTEMS TOTI TOTMAN TOTO TOTS TOTZKE TOUFEXIS TOURISM TOV TOVAR TOVAZ TOVIA TOWARD TOWARDS TOYAMA TOYO TOYOBO TOYODA TOYOTA TRABUE TRAC TRACES TRACI TRACINDA TRACT TRACTABLE TRACTEBEL TRACTS TRACY TRADABLE TRADED TRAFICANT TRAFICANTE TRAFICANTS TRAFTON TRAGEDY TRAGIC TRAGICOMIC TRAGOS TRAHAN TRAJAN TRAK TRAKAS TRAM TRAMBLE TRAMCO TRAMEL TRAMIEL TRAMONTANA TRAMONTANO TRAMONTE TRAMONTIN TRAMP TRAMPLE TRAMPLED TRAMPLES TRAMPS TRAMS TRAN TRANI TRANQUIL TRANQUILITY TRANS TRANSACT TRANSACTED TRANSAFRICA TRANSALASKA TRANSALTA TRANSAMERICA TRANSAMERICAN TRANSATLANTIC TRANSCANADA TRANSCAPITAL TRANSCO TRANSCON TRANSCONTINENTAL TRANSCRIPT TRANSCRIPTS TRANSECT TRANSECTED TRANSFIXED TRANSFORM TRANSFORMS TRANSFUSE TRANSFUSED TRANSFUSION TRANSFUSIONS TRANSGENIC TRANSIENTS TRANSIT TRANSITED TRANSITORY TRANSITS TRANSLATED TRANSLOGIC TRANSLUCENT TRANSMARK TRANSMEDIA TRANSMIT TRANSMITS TRANSOCEANIC TRANSOHIO TRANSOM TRANSOMS TRANSPAC TRANSPACIFIC TRANSPARENCY TRANSPARENT TRANSPARENTLY TRANSPARK TRANSPLANT TRANSPLANTED TRANSPLANTS TRANSPORT TRANSPORTABLE TRANSPORTED TRANSPORTS TRANSRAPID TRANSTAR TRANSYLVANIA TRANT TRANUM TRANZONIC TRAP TRAPANI TRAPELO TRAPS TRASK TRAVAGLINI TRAVEL TRAVELS TRAVENOL TRAVERSO TRAVESTY TRAVIATA TRAVIS TRAVISANO TRAVNIK TRAVOLTA TRAVOLTAS TRAXLER TRE TREBLE TREBLED TREBLINKA TREFRY TREFZ TREGLIA TREGO TREJO TREK TREKS TRELA TREMBLE TREMBLED TREMBLING TREMBLY TREMEL TREMENS TREMONT TREMULOUS TREMULOUSLY TRENARY TREND TRENDED TRENDS TRENDY TRENHOLM TRENKAMP TRENKLE TRENT TRENTMAN TRENTON TREON TREST TREVELYAN TREVINO TREVISO TREVIZO TREXLER TRI TRIAD TRIADS TRIAL TRIALS TRIANA TRIANGLE TRIANGLES TRIANGULAR TRIANGULATION TRIANO TRIARC TRIB TRIBAL TRIBALISM TRIBASA TRIBECA TRIBLE TRIBULATION TRIBULATIONS TRIBUNE TRIBUTARIES TRIBUTE TRIBUTES TRICARICO TRICENTROL TRICEPS TRICERATOPS TRICIL TRICO TRICUSPID TRICYCLE TRIDENT TRIFARI TRIFECTA TRIFLE TRIFLES TRIG TRIGO TRILBY TRILOGY TRILON TRIM TRIMAC TRIMARCO TRIMAS TRIMBLE TRIMBOLI TRIMETREXATE TRIMS TRINGALI TRINIDAD TRINITY TRINKA TRINKET TRINKETS TRINKLE TRINOVA TRIO TRIOLA TRIOLO TRIP TRIPI TRIPLE TRIPLECAST TRIPLED TRIPLES TRIPLET TRIPLETS TRIPLING TRIPOD TRIPODI TRIPODS TRIPOLI TRIPS TRISKA TRISLER TRISTA TRISTAN TRISTAR TRISTRAM TRITIUM TRITON TRITZ TRIVEDI TRIVEST TRIVIA TRIVIAL TRIVIALITY TRIVIALIZES TRIXIE TRIZEC TROD TROGDON TROHA TROIA TROIANI TROIANO TROJAN TROJANOWSKI TROJANS TROKEL TROMA TROMBINO TROMBLE TROMBLY TROMBONIST TROMP TRON TRONCOSO TRONIC TROPEA TROPIC TROPICAL TROPICANA TROPICS TROST TROSTEL TROT TROTMAN TROTS TROTSKY TROVATO TROWEL TROXELL TROXLER TRUANCY TRUANT TRUBY TRUDA TRUDEL TRUDIA TRUDO TRUDY TRUEST TRUGLIO TRULOVE TRULSON TRULY TRUMAN TRUMBLE TRUMBO TRUMKA TRUMP TRUMPET TRUMPETED TRUMPETS TRUMPS TRUNCATED TRUNDLE TRUNDLED TRUNK TRUNKS TRUNZO TRUPIANO TRUPIN TRURO TRUS TRUSKOWSKI TRUSLER TRUST TRUSTCO TRUSTCORP TRUSTED TRUSTS TRUSTY TRUXILLO TRY TRYART TRYBA TRYBUS TRYGSTAD TRYGVE TRYON TRYST TRZASKA TRZECIAK TSAKOS TSE TSEMEL TSETSE TSO TSONGAS TSONGAS'S TSU TSUDA TSUI TSUJI TSUKAMOTO TSUNAMI TSUNEO TSURUMI TSUTOMU TU TUB TUBA TUBAL TUBERCULOSIS TUBMAN TUBS TUBULAR TUBULE TUCEK TUDISCO TUFA TUFANO TUFNEL TUFO TUFT TUFTED TUFTS TUG TUGMAN TUGS TUHAN TUINSTRA TUITION TUK TUKS TULA TULEY TULIP TULIPS TULSA TUMA TUMAN TUMAZOS TUMBLE TUMBLED TUMBLES TUMBLESON TUMBLIN TUMBLING TUMERIC TUMLIN TUMLINSON TUMOLO TUMS TUMULT TUMULTY TUNA TUNABLE TUNAS TUNDRA TUNIC TUNICA TUNIS TUNISON TUNKS TUNKU TUOMI TUPA TUPAC TUPELOV TUPY TURANO TURBOTAX TURBULENT TURI TURISMO TURNBO TURO TURSI TUSA TUSCAN TUSCANY TUSK TUSKS TUSLA TUSTIN TUT TUTELAGE TUTINO TUTKO TUTORIAL TUTORIALS TUTSI TUTSIS TUTU TUVALU TUXFORD TUXHORN TUZLA TUZZOLINO TVEDT TWANGY TWARDY TWAROG TWAS TWEDT TWENTY TWETEN TWIG TWIGS TWIN TWINJET TWINJETS TWINKLE TWINKLED TWINKLES TWINKLING TWINS TWIST TWISTED TWISTS TWISTY TWOHIG TWOMBLY TWYLA TWYMAN TY TYBALT TYCO TYGAR TYGART TYLAN TYLENOL TYLKA TYMINSKI TYMNET TYMPANIC TYMPANUM TYNAN TYO TYPICAL TYPIFY TYPIST TYPISTS TYPO TYRA TYRANT TYRANTS TYSON TYSONS TYUS T_A_C U'S U. U.S UBER UBIQUITOUS UCLAF UDAGAWA UDALE UDALL UDEN UDO UDOLF UDVAR UEDA UEHARA UEMURA UENO UENOHARA UGALDE UGANDA'S UGARTE UGITY UGLIEST UGLY UGOLINI UKASE UKMAN UKRAINIAN UKRAINIANS UL ULATOWSKI ULEE ULF ULIANO ULIASSI ULICNY ULIMA ULLYSES ULM ULMAN ULMUS ULRIC ULRICA ULSAN ULTIMA ULTIMATUM ULTIMATUMS ULTRA ULTRAMAR ULTRASONIC ULTRASYSTEM ULTRASYSTEMS ULTRAVIOLET ULVA ULYSSES UM UMANA UMANSKY UMASS UMBEL UMBERTO UMBILICAL UMBLE UMBRA UMBRIA UMHOLTZ UMLAND UMLASI UN UNA UNABATED UNABLE UNABOMB UNACCEPTABLE UNACCEPTABLY UNADORN UNALIENABLE UNAMBIGUOUSLY UNAMENDED UNAMERICAN UNANIMOUS UNANIMOUSLY UNANTICIPATED UNAPOLOGETIC UNARM UNBEND UNBOLT UNBOLTED UNBORN UNBRANDED UNBRIDLED UNBROKEN UNBUNDLE UNBUNDLED UNCIVIL UNCLAMP UNCLAMPS UNCLE UNCLES UNCOMPENSATED UNCOMPLETED UNCOMPLICATED UNCONSOLIDATED UNCONTAMINATED UNCONTESTED UNCONTRADICTED UNCOORDINATED UNCORK UNCORKS UNCRITICAL UNCTAD UNCUT UND UNDATED UNDECIDED UNDECIDEDS UNDEMOCRATIC UNDENIABLE UNDENIABLY UNDESIRABLE UNDETECTABLE UNDETECTED UNDID UNDILUTED UNDIPLOMATIC UNDIVIDED UNDO UNDULATED UNDULY UNECONOMIC UNECONOMICAL UNEDITED UNEDUCATED UNELECTABLE UNELECTED UNENVIABLE UNEQUAL UNEQUIVOCABLY UNEQUIVOCAL UNEVEN UNEVENLY UNEVENTFUL UNEXPIRED UNEXPLAINABLE UNEXPLOITED UNEXPLORED UNFAMILIARITY UNFAV UNFIT UNFOLD UNFOLDED UNFOLDS UNFORGIVABLE UNFORGIVEN UNFROZEN UNFUNDED UNGARO UNGO UNGODLY UNHELPFUL UNHERALDED UNHOLY UNICELLULAR UNICENTER UNICORP'S UNIDEN'S UNIFICATION UNIFIED UNIFORCE UNIFORMED UNIFYING UNILATERAL UNILEVER UNIMAGINABLE UNIMATE UNIMATION UNIMPEDED UNIMPORTANT UNINFECTED UNINHABITABLE UNINHABITED UNINHIBITED UNINITIATED UNINSURABLE UNINTENDED UNINVITED UNION'S UNIONDALE UNIONIZATION UNIONIZE UNIONIZED UNIONIZING UNIONS' UNIROYAL UNISYS' UNIT'S UNITE UNITED'S UNITES UNITHOLDER UNITHOLDERS UNITING UNITRIN'S UNITRODE UNITS' UNIVATION UNIVERSAL UNIVERSALITY UNIVERSES UNIVERSITY UNIVISION UNJUST UNJUSTIFIABLE UNJUSTIFIABLY UNJUSTLY UNKEMPT UNKIND UNKINDEST UNLAND UNLIMITED UNLISTED UNLIVABLE UNMASK UNMET UNMISTAKABLE UNMISTAKABLY UNMITIGATED UNMIXED UNMOLESTED UNO UNOBSTRUCTED UNOCAL'S UNORTHODOX UNOS UNPALATABLE UNPATRIOTIC UNPLUG UNPOPULAR UNPRECEDENTED UNPRECEDENTEDLY UNPREDICTABILITY UNPREDICTABLE UNPREDICTABLY UNPRINCIPLED UNPRINTABLE UNPROFITABILITY UNPROFITABLE UNPROTECTED UNPROVEN UNRATED UNRAVEL UNRAVELS UNREALITY UNRECOGNIZABLE UNRECONSTRUCTED UNRECORDED UNRELATED UNRELIABILITY UNRELIABLE UNREMARKABLE UNREPENTANT UNREPORTED UNREPRESENTED UNREQUITED UNREST UNRESTRICTED UNRULY UNSALABLE UNSANITARY UNSCOM UNSCRAMBLE UNSCRIPTED UNSCRUPULOUS UNSECURED UNSENTIMENTAL UNSET UNSINKABLE UNSOLD UNSOLICITED UNSOLVABLE UNSPECTACULAR UNSPENT UNSPOKEN UNSTABLE UNSTATED UNSUBSTANTIATED UNSUSPECTED UNTANGLE UNTAXED UNTED UNTENABLE UNTESTED UNTIDY UNTIL UNTO UNTOLD UNTYPICAL UNUSED UNUSUALLY UNVERIFIABLE UNWANTED UNWARY UNWED UNWIN UNWIND UNZ UNZIP UP UPDATED UPDEGROVE UPDRAFT UPDRAFTS UPFRONT UPGRADED UPHELD UPHOLD UPHOLDS UPLAND UPLANDS UPLIFT UPLIFTED UPMARKET UPON UPS UPSET UPSETS UPSON UPSTART UPSTARTS UPTON UPTREND URANIUM URE UREA UREMIA URI URIAN URIARTE URIAS URIBE URIC URICK URINALYSIS URINARY URIOSTE UROLOGIST UROLOGISTS UROLOGY US USAFE USAGE USAIR'S USAIRWAYS USE USED USEFUL USENET USER USERS USERY USINES USING USINOR USRY USTASHA USTINOV USURP USURPS USURY UTAH UTECH UTECHT UTERO UTERUS UTILITIES UTILITY'S UTILIZATION UTILIZE UTILIZED UTILIZING UTKE UTMOST UTSUMI UTZ UY UYEHARA UZBEK UZBEKISTAN UZBEKS UZELAC UZI UZIS V'S V. V.S VACA VACANCY VACANT VACANTI VACATED VACCINA VACCINATED VACEK VACLAV VACLAVIK VACUOUS VACUUM VACUUMS VADALA VADAS VADEN VADIM VAGABOND VAGABONDS VAGELOS VAGINA VAGINAL VAGRANCY VAGRANT VAGRANTS VAHID VAHLE VAKUF VAL VALA VALABLE VALADE VALADEZ VALASEK VALBORGA VALDA VALDEMAR VALDES VALDEZ VALDIS VALDIVIA VALDOSTA VALDOVINOS VALEA VALEDA VALEDICTORIAN VALEK VALENCIA VALENS VALENSUELA VALENT VALENTA VALENTE VALENTI VALENTIN VALENTINA VALENTINI VALENTINO VALENZA VALENZANO VALEO VALERA VALERI VALERIA VALERIAN VALERIO VALERO VALESKA VALHI VALIA VALIANT VALIANTLY VALID VALIDA VALIDATED VALIDED VALIDITY VALIDLY VALIN VALIS VALIUM VALKO VALMONT VALONIA VALORES VALSPAR VALTEK VALUABLE VALUABLES VALUATION VALUATIONS VALUE VALUED VALUES VALUING VALUJET'S VALUKAS VALVANO VALVERDE VALVO VAMOS VAMP VAMPIRIC VAN VANA VANACORE VANADIUM VANAKEN VANAMAN VANBLARCOM VANBLARICOM VANBRUNT VANCAMP VANCAMPEN VANCIL VANCOMYCIN VANCURA VANDAL VANDALEN VANDALS VANDAM VANDECAR VANDEGRIFT VANDEMAN VANDEMARK VANDEN VANDENBOS VANDENBRINK VANDEVEN VANDOREN VANDORN VANDUNK VANDUSEN VANDYK VANDYKEN VANECEK VANEGAS VANEK VANGEL VANGUNDY VANGY VANHANDEL VANHORN VANHOUTEN VANIA VANIK VANITY VANKAMPEN VANLANEN VANLUVEN VANO VANORDEN VANORMAN VANORNUM VANOSDOL VANOSTRAND VANPELT VANRYN VANS VANSANT VANSTORY VANSTRATEN VANTAGES VANTIL VANTINE VANTOL VANTRAN VANUAAKU VANUATU VANUNU VANVORST VANVRANKEN VANWAGENEN VANWART VANWINKLE VANWYK VANYA VANYO VANZANT VANZANTEN VAPID VAQUERA VARA VARANO VARBLE VARCO VARDEN VARDON VARELA VARES VARGA VARGAS VARGASON VARGO VARI VARIABILITY VARIABLE VARIABLES VARIABLY VARIAN VARIANCES VARIANT VARIANTS VARIG VARIN VARINA VARISCO VARITRONIC VARITY VARLAM VARLEN VARMA VARMINT VARMUS VARN VARNADO VARNADORE VARNI VARNON VARNUM VARO VARON VARONA VARS VARSITY VARTANIAN VARVARO VARVEL VARY VARZI VASCO VASCONCELOS VASCULAR VASECTOMY VASEK VASES VASICEK VASIL VASILY VASKO VASLEV VASLOV VASOTEC VASQUES VAST VASTA VASTINE VASTLY VASTOLA VAT VATICAN VATS VAUX VAVRA VAVREK VAZ VE VEBA VECTRA VEDA VEDIS VEDULA VEGA VEGAN VEGANS VEGAS VEGESNA VEGETAL VEGETARIAN VEGETARIANS VEHICLE VEHICLES VEHICULAR VELA VELAGRANDE VELARDE VELARDI VELARDO VELASCO VELAZCO VELCRO VELDA VELDMAN VELEZ VELIKA VELIOTIS VELIZ VELMA VELO VELOBIND VELOCITY VELOSO VELOZ VELSICOL VELTEN VELTMAN VELTRI VELVET VELVETY VEMPALA VENA VENABLE VENABLES VENAL VENALITY VENALUM VENANGO VENCOR VENDELA VENDO VENEGAS VENEMA VENEREAL VENEZIA VENEZIANO VENEZUELA VENEZUELAN VENEZUELANS VENISON VENITA VENO VENOM VENSEL VENSON VENT VENTED VENTI VENTILATED VENTIMIGLIA VENTO VENTOLA VENTRAL VENTRESCA VENTRICULAR VENTS VENTURI VENTURIAN VENTURINI VENTURINO VENUE VENUS VENUTI VENUTO VERA VERAS VERBA VERDA VERDI VERDON VERDONE VERDUIN VEREB VERGA VERIBANC VERIFIABLE VERIFY VERIT VERITABLE VERITABLY VERITY VERLA VERMA VERNO VERO VERON VERONDA VERONIS VERTEX VERY VESCO VESEL VESELKA VESICLE VESICLES VESMEN VESNA VESPA VESPERA VEST VESTA VESTAL VESTED VESTIBULE VESTIGES VESTIGIAL VESTRON VESTS VESUVIUS VET VETA VETCO VETETO VETO VETOS VETRANO VETS VEVERKA VEVILA VEXED VEXING VEZINA VI VIA VIABILITY VIABLE VIACOM VIADUCT VIADUCTS VIAG VIAGRA VIAL VIALPANDO VIALS VIAN VIANA VIANI VIANO VIANSA VIATICAL VIBRANCY VIBRANT VIBRATO VIC VICARI VICARIO VICENCIO VICENTE VICENZI VICES VICINITY VICINO VICOMTE VICON VICORP VICTIM VICTIMS VICTORIA VICTORIAN VICTORIANS VICTORIAS VICTORINE VICTORINO VIDA VIDAL VIDALES VIDALIA VIDARTES VIDEO VIDEODISK VIDEODISKS VIDEOS VIDEOTRON VIDIGO VIDONIA VIDOR VIEJO VIET VIETNAM VIG VIGEN VIGIL VIGILANT VIGILANTE VIGILANTES VIGILIA VIGILS VIGLIONE VIGLUND VIGNA VIGNOLA VIGO VIGORITO VIGUS VIK VILA VILARDO VILAS VILIFY VILMA VILNIUS VILORIA VIM VIN VINA VINAL VINCA VINCENT VINCENTE VINCENTI VINCENZO VINCI VINDICATED VINET VINGO VINI VINICIO VINIK VINITA VINK VINSANT VINSO VINSON VINT VINTAGES VINTON VINYL VINZANT VIOLA VIOLABLE VIOLANTE VIOLAS VIOLATED VIOLENT VIOLENTLY VIOLET VIOLETA VIOLETS VIOLIN VIOLINIST VIOLINISTS VIOLINS VIOLIST VIOLISTS VIPIN VIPOND VIPONT VIPUL VIRAG VIRAGO VIRAL VIRAMONTES VIRATEK VIREN VIRIDIS VIRINA VIROLOGICAL VIROLOGIST VIROLOGISTS VIROLOGY VIROMUNE VIRULENT VIRULENTLY VIRUS VIRUS'S VIRUSES VIRZI VIS VISA VISAS VISCARDI VISCLOSKY VISCO VISCOMI VISCONTI VISCOSITY VISCUSI VISCUSO VISEGRAD VISENTENO VISIBILITY VISIBLE VISIBLY VISICALC VISIT VISITED VISITS VISNIC VIST VISTA VISTAS VISTON VISUALS VITA VITAGLIANO VITAL VITALE VITALI VITALINK VITALITY VITALY VITAMIN VITAMINS VITANZA VITEK VITEZ VITI VITILIGO VITO VITOLO VITRAMON VITRANO VITRIC VITRIOL VITRIOLIC VITRO VITRONICS VITRUVIUS VITRY VIV VIVA VIVALDI VIVAS VIVENDI VIVEROS VIVIAN VIVIANA VIVIANI VIVIANO VIVID VIVIDLY VIVIEN VIVO VIVONA VIVRA VIVYAN VIZCAINO VIZZINI VLAD VLADIMIR VLADISLAV VLADIVOSTOK VLAHAKIS VLAHOS VLASAK VLASIC VLOK VNESHECONOMBANK VO VOBIS VOCAL VOCALIST VOCALS VOCALTEC VOCS VODAVI VODKA VODKAS VOGAN VOGEL VOGELS VOGES VOGOSCA VOGTLE VOILA VOIR VOLAND VOLANTE VOLATILITY VOLCANIC VOLCANO VOLCANOLOGIST VOLCANOLOGISTS VOLCANOS VOLD VOLDEN VOLENTINE VOLETA VOLGA VOLGOGRAD VOLIN VOLIO VOLK VOLKMAN VOLKOGONOV VOLKSBANK VOLKSWAGEN VOLKSWAGENS VOLPI VOLT VOLTA VOLTAGES VOLTS VOLTZ VOLUME VOLUMES VOLUNTARILY VOLUNTARISM VOLUNTARY VOLUNTEERISM VOLUPTUOUS VOLVO VOLVOS VOLVOVITZ VOLZ VOMIT VON VONA VONADA VONBARGEN VONDRA VONDRACEK VONDRAK VONDRASEK VONGUNTEN VONK VONRUDEN VONS VONS'S VONTOBEL VORA VORIS VORNADO VORNDRAN VORONTSOV VOROS VORTEC VORWALD VOS VOSLER VOTAVA VOTED VOTRUBA VOYEURISM VRABEL VRANA VRANESEVIC VRANITZKY VRANOS VRBA VRDOLYAK VREMYA VROMAN VU VUE VUKOVAR VUKOVICH VULCAN VULCANS VULGARITY VULVA VUOLO VY VYAS WA WACO WAD WADA WADAS WADED WADEL WADKINS WADLE WADMAN WADS WAFT WAFTED WAG WAGA WAGAMAN WAGES WAGLE WAGMAN WAGNERIAN WAGNON WAGON WAGONS WAGS WAGY WAHID WAHINE WAHINES WAKEN WAKID WAKO WAL WALA WALAS WALBRO WALBY WALCOT WALD WALDA WALDEGARD WALDEMAR WALDEN WALDHOLTZ WALDHOLTZ'S WALDHORN WALDMAN WALDO WALDON WALDORF WALDREN WALDREP WALDRIP WALDRON WALDROP WALDRUM WALDRUP WALDVOGEL WALEK WALEN WALENTA WALESA WALFRED WALGREN WALID WALIGORA WALINSKY WALMART WALMOND WALN WALNUT WALNUTS WALP WALRAVEN WALROD WALRUS WALRUSES WALSKI WALSTAD WALSTON WALSTROM WALT WALTMAN WALTON WALTONS WALTRIP WALTS WALTZ WALTZES WALWYN WALZ WAMBLE WAMBOLD WAMBOLT WAMPUM WAN WANAT WAND WANDA WANDEL WANDIS WANDS WANEK WANGLE WANGLED WANK WANKO WANT WANTA WANTAGES WANTE WANTED WANTLAND WANTON WANTONLY WANTS WANTZ WAPITI WAPLES WAR WARBLE WARBLED WARBLES WARBLING WARD WARDA WARDED WARDEN WARDENS WARDLE WARDRIP WARDROP WARDS WAREN WARF WARFEL WARGA WARGO WARHOL WARILY WARK WARKENTIN WARLORD WARLORDS WARM WARMAN WARMEST WARMLY WARMOND WARMS WARMUP WARMUS WARN WARNACO WARNICO WARNKE WARNKEN WARNO WARNS WARP WARPS WARS WART WARTMAN WARTON WARTS WARTZMAN WARY WAS WASCO WASCOM WASDEN WASEDA WASEM WASIK WASIL WASILEWSKI WASKO WASMER WASMUND WASN'T WASON WASP WASPS WASTED WAT WATANABE WATKIN WATKINS WATKINSON WATLAND WATLING WATLINGTON WATRY WATSCO WATSON WATZ WATZMAN WAVRA WAVY WAXED WAXING WAXLER WAXMAN'S WAZIR WE WEB WEBS WED WEDEKIND WEDEL WEDIG WEDIN WEGLARZ WEGMAN WEGRZYN WEHUNT WEIGL WEIST WEKSEL WELBILT WELBY WELD WELDED WELDEN WELDIN WELDON WELDS WELDY WELINSK WELK WELNA WELP WELT WELTMAN WELTON WELTY WELTZ WELZ WEMPLE WEN WEND WENDA WENDEL WENDELKEN WENDLAND WENDORF WENDS WENDY WENFAN WENIG WENK WENONA WENSEL WENSTROM WENT WENTLAND WENTZ WENTZEL WENZ WENZEL WEPT WERELDHAVE WERY WES WESAT WESCO WESLER WESLIA WESOLEK WESOLOWSKI WESP WESPAC WESSEX WEST WESTAMERICA WESTBURY WESTBY WESTCAP WESTCORP WESTEN WESTENDORF WESTFED WESTHAMPTON WESTIN WESTLAND WESTLUND WESTMAN WESTMARC WESTMARK WESTMIN WESTON WESTPAC WESTPORT WESTRA WESTROM WESTRUM WESTRUP WESTVACO WESUN WET WETLAND WETLANDS WETSEL WETZ WETZEL WEXLER WEXNER WIACEK WIAN WIANT WIARD WIATROWSKI WIBLE WICAT WICOR WIDEN WIDENS WIDEST WIDMAN WIDRIG WIDURI WIERZBICKI WIEST WIG WIGAL WIGAND WIGEN WIGGLY WIGINTON WIGLE WIGS WIGTON WIGWAM WIK WIKEL WIKLE WIKLUND WIKSTROM WIL WILAND WILBANKS WILBON WILCOXSON WILD WILDASIN WILDAVSKY WILDCARD WILDCAT WILDCATS WILDEN WILDEST WILDLY WILDMAN WILDMON WILDON WILDS WILEMON WILEN WILENSKY WILFRED WILFREDA WILFRID WILGUS WILHAM WILHELM WILHELMA WILHELMI WILHELMINA WILHELMS WILHELMSEN WILHELMY WILHEMINA WILIAMS WILINSKI WILK WILKEN WILKENS WILKENSON WILKIN WILKINS WILKINSON WILKIS WILKISON WILKOWSKI WILKS WILLCOX WILMA WILMET WILMOT WILMS WILMUT WILPON WILSON WILT WILTED WILTEL WILTGEN WILTON WILTRON WILTS WILTZ WILY WIMAN WIMBLEDON WIMP WIMPS WIMPY WIMS WIN WINAMAC WINANS WINANS'S WINANT WINCEK WIND WINDED WINDELS WINDHOLZ WINDHORST WINDLE WINDOM WINDON WINDS WINDSTAR WINDSTORM WINDUP WINDY WINEMA WINFRED WINFRID WINGET WINGLER WINGO WINIARSKI WINIECKI WINIFRED WINIK WINK WINKEL WINKELMAN WINKELS WINKLE WINKLEMAN WINKLES WINKOWSKI WINKS WINLAND WINNICKI WINO WINOGRAD WINOLA WINONA WINOS WINQUIST WINS WINSKI WINSLET WINSON WINSTON WINT WINTLE WINTOM WINTON WINTRY WINTZ WION WIPF WIRY WIS WISBY WISCONSIN WISDOM WISEL WISEST WISINSKI WISLER WISMAN WISMER WISNESKI WISNEWSKI WISNIEWSKI WISP WISPY WIST WISTFUL WIT WITCO WITEK WITKIN WITKOP WITKOWSKI WITMAN WITOWSKI WITS WITZ WITZEL WITZIG WITZKE WIXSON WIZ WIZEN WNEK WNUK WO WOBBLY WOBEGON WOBIG WOBST WOGAN WOGOMAN WOJCICKI WOK WOKEN WOKS WOLA WOLAK WOLANIN WOLANSKI WOLD WOLDEN WOLENZAC WOLF WOLFENDEN WOLFGRAM WOLFMAN WOLFRAM WOLFROM WOLFRUM WOLFSON WOLGAST WOLIN WOLINSKI WOLINSKY WOLITARSKY WOLKANCZIK WOLMAN WOLOHAN WOLPE WOLSFELD WOLSKI WOLSKY WOLTMAN WOLTZ WOLVEN WOLZ WOMAC WOMAN WOMBAT WOMBATS WOMBLE WOMBLES WOMEN WOMETCO WON WOND WONDA WONDRA WONK WONKS WONT WOODCOX WOP WOPS WOR WORN WORTHOG WOTAN WOVEN WOZNIAK WOZNY WRZESINSKI WU WUEST WUJCIK WULF WULI WY WYAND WYANT WYBLE WYDRA WYGAL WYGANT WYGOD WYK WYKA WYKLE WYLAND WYLMA WYLY WYMAN WYNIA WYNONA WYNTON X-RAY X-RAYS X.ERS XAN XANADA XAVIERA XEBEC XENA XENIA XENON XENOS XEROXED XEROXING XERXES XI XIAMEN XIAN XICOR XOMA XSCRIBE XU XUAN XUS XYLIA XYLINA XYLOGIC XYLOGICS XYLON XYLONA Y'S Y. YA YABLON YABLONSKI YABLONSKY YACONO YACOS YADEN YADON YAGI YAGODA YAHI YAK YAKEL YAKIMA YAKLIN YAKOV YAKOVLEV YAKUSA YALIN YALTA YAM YAMADA YAMAGATA YAMAHA YAMAMOTO YAMANAKA YAMANE YAMANI YAMASAKI YAMATAKE YAMATO YAMAZAKI YAMIN YAMS YAN YANBU YANCY YANDA YANDLE YANEZ YANGTZE YANI YANIK YANIS YANK YANKO YANKOWSKI YANKS YANO YANOFSKY YANOMAMI YANT YANTIS YANTZ YAP YAPLE YAPS YARBRO YARD YARDENI YARDS YARMULKE YARMULKES YARN YARNS YARON YAROS YASIN YASMIN YASUDA YASUHIKO YASUHIRO YASUNORI YASUO YASUTAKA YATSKO YAVLINSKY YAZOV YBANEZ YBARBO YE YEDINAK YEDIYAT YEHLE YEHUDA YEHUDI YELENA YELP YELTON YELTSIN YEMEN YEMENI YEN YENE YENLU YEO YEP YEPEZ YEPSEN YERENA YEREVAN YERIAN YERXA YES YESEN YESES YEST YET YETI YETMAN YEVGENY YEVLINSKY YGLESIAS YI YIGAL YILIN YIM YIN YINGLING YINGST YIP YNEZ YO YOCAM YOCOM YOCUM YODEL YOGA YOGI YOGIISM YOGIISMS YOHE YOHO YOKADO YOKEL YOKELSON YOKO YOKOHAMA YOKOTA YOKOYAMA YOKUM YOLA YOLANDA YOM YON YONA YONAN YONHAP YONTEF YONTS YONTZ YORAM YORBA YORDY YORIO YORK YORKS YORUBA YOSEF YOSEMITE YOST YOYO YOYOS YPSILANTI YQUEM YSLETA YU YUAN YUBA YUCATAN YUEN YUGO YUGOS YUGOSLAV YUGOSLAVIA YUGOSLAVIAN YUGOSLAVS YUHAS YUK YUKIO YUKO YUKON YUKS YUL YULI YULIAN YUM YUMA YUN YUNDE YUNDT YUNIS YUNK YUP YUREK YURI YURT YURY YUSEF YUSEN YUSKO YUST YUSTEF YUTAKA YUTZY YUVAL Z'S Z. ZABALA ZABAWA ZABEL ZABINSKI ZACARIAS ZACEK ZADA ZADAR ZADOC ZADOK ZADORA ZADROZNY ZAFTIG ZAG ZAGAR ZAGAT ZAGEL ZAGLADIN ZAGORSKI ZAGREB ZAGS ZAGURY ZAHIR ZAIRIAN ZAIRIANS ZAJDEL ZAJIC ZAK ZAKARIAN ZAKI ZALAR ZALDIVAR ZALENSKI ZALESKI ZALESKY ZALEWSKI ZALMAN ZALYGIN ZAMAN ZAMBIA ZAMBIAN ZAMBITO ZAMBO ZAMBRANA ZAMBRANO ZAMFIR ZAMORA ZAMORANO ZAMPEDRI ZAMPINO ZAMUDIO ZAN ZANCA ZAND ZANDI ZANDRA ZANDSTRA ZANDY ZANETA ZANGARA ZANGARI ZANI ZANIEST ZANIEWSKI ZANK ZANONI ZANT ZANTAC ZANU ZANY ZANZIBAR ZAP ZAPALAC ZAPATA ZAPATISTA ZAPATISTAS ZAPF ZAPS ZARA ZARAGOZA ZARB ZARCONE ZAREK ZAREMBA ZARIA ZARLENGO ZARO ZARTMAN ZARY ZARZUSKY ZARZYCKI ZASADA ZAVADA ZAVADIL ZAVALA ZAVODNIK ZAVODNY ZAWADA ZAWISLAK ZAWISTOWSKI ZAZUETA ZBIG ZBINDEN ZE ZEBRA ZEBRAS ZEBROWSKI ZEBULON ZED ZEGLIN ZEL ZELASKO ZELAZNY ZELDA ZELDIN ZELEK ZELEM ZELENAK ZELENKA ZELENY ZELESNIK ZELEZNIK ZELIA ZELINA ZELINKA ZELINSKI ZELINSKY ZELKO ZELMA ZELMAN ZELOS ZELVIN ZEMAN ZEMANEK ZEMBA ZEMBRISKI ZEMEL ZEMIN ZEMPEL ZEN ZENA ZENAS ZENDA ZENDEJAS ZENECA ZENIA ZENICA ZENINA ZENK ZENO ZENOBIA ZENON ZENS ZENT ZENTEC ZENTZ ZENZ ZEOLI ZEOS ZEPA ZEPEDA ZERA ZERBY ZERKLE ZERN ZERO ZEROLI ZEROS ZERVAS ZERVOS ZEST ZESTFUL ZETA ZEV ZEVA ZEWE ZI ZIA ZIAD ZICO ZIDEK ZIG ZIGLER ZIGMAN ZIGZAG ZIGZAGS ZIKA ZIL ZILKA ZILVIA ZIM ZIMA ZIMBABWE ZIMBABWEAN ZIMBALIST ZIMBELMAN ZIMNY ZINC ZINDA ZINFANDEL ZINGALE ZINGARO ZINGLER ZINIA ZINK ZINMAN ZINS ZIOBRO ZIOLKOWSKI ZIOMEK ZION ZIONIST ZIONISTS ZIONS ZIP ZIPF ZIPFEL ZIPKIN ZIPS ZISA ZISES ZISK ZISKA ZITA ZITEK ZITO ZIV ZLATA ZLIN ZLOBIN ZLOTY ZLOTYS ZOBEL ZOBRIST ZODIAC ZODY ZOE ZOFAGART ZOFRAN ZOGBY ZOLA ZOLMAN ZOLOFT ZOLP ZOLTAN ZON ZONA ZONGOL ZOOLOGIST ZOOLOGISTS ZOOLOGY ZOPFI ZORA ZORAN ZORANA ZORINA ZORINE ZORINSKY ZORKIN ZORN ZORTMAN ZORZ ZORZI ZOSEN ZOTOS ZOVUT ZUBA ZUBIA ZUBIN ZUBROD ZUFELT ZUG ZUGANOV ZUIDEMA ZUK ZUKAS ZUKIN ZUKOWSKI ZULFIKAR ZULMA ZULU ZULUAGA ZULUS ZUMBRO ZUMBRUN ZUMEL ZUMPANO ZUMWALT ZUNDEL ZUNI ZUNIGA ZUNINO ZUPAN ZUPANCIC ZUPANJA ZUPKO ZUREK ZURI ZUZANA ZUZU ZVORNIK ZWART ZWOLINSKI ZYCAD ZYDECO ZYGMUNT ZYLA ZYLKA ZYLSTRA ZYMAN ZYNDA ZYSK ZYSKOWSKI ZYUGANOV 