DAGEN DAGENHAM DAGENHART DAGESTAN DAGLE DAGMAR DAGON DAGOSTINO DAJUN DAK DAKAR DAKIN DAKOTA DAKOTAN DAKOTANS DAKOTAS DAL DALAL DALBAR DALBEC DALBY DALEN DALEO DALESANDRO DALESIO DALFEN DALFONSO DALGETY DALI DALIA DALIAN DALIBERTI DALILA DALIS DALKON DALMA DALMAN DALMO DALO DALOIA DALONZO DALPIAZ DALPORTO DALRYMPLE DALTO DALTON DALTONS DALY DAM DAMA DAMAGES DAMAN DAMARIS DAMAS DAMASCUS DAMASCUS'S DAMASK DAMASKS DAMATO DAMBRA DAMBROSIA DAMBROSIO DAMELIO DAMERON DAMGARD DAMIAN DAMIANI DAMIANO DAMIANOS DAMICO DAMIEN DAMITA DAMITZ DAMOCLES DAMON DAMONS DAMP DAMPEN DAMPS DAMRON DAMS DAMSEL DAMSON DAN DANA DANAHY DANBY DANCA DANCANET DANCES DANCSAK DANCY DANDELION DANDELIONS DANDO DANDREA DANDY DANEK DANESE DANGEL DANGELO DANGLE DANGLED DANGLER DANGLES DANGLING DANGO DANI DANIA DANICA DANIEL DANIELA DANIELS DANIELS'S DANIELSEN DANIELSON DANIS DANJU DANJUB DANJUS DANK DANKO DANKS DANLY DANO DANOS DANOWSKI DANSBY DANSKIN DANSKY DANSO DANSON DANT DANTE DANTIN DANTON DANTONI DANTONIO DANTUONO DANUBE DANVY DANZ DANZA DANZIG DANZY DAPOLITO DAPONTE DAQUILA DAR DARA DARAK DARBY DARCANGELO DARCO DARCY DARDAR DARDEN DARDIS DAREMBLUM DAREN DARGA DARGAN DARGIS DARIA DARIEN DARIN DARIO DARITY DARK DARKEN DARKEST DARKLY DARLA DARLAND DARLIN DARMAN DARMON DARN DARNEL DARNOLD DARNS DAROSA DARPA DARPINO DARST DARSY DART DARTED DARTEZ DARTON DARTS DARTY DARWIN DARWINIAN DARYL DAS DASA DASARO DASCENZO DASCOLI DASEKE DASILVA DASPIN DASPIT DAT DATA DATABASES DATACARD DATACARDS DATACOMP DATACOPY DATAGRAPHIX DATAMETRICS DATAPRODUCTS DATAQUEST DATAREX DATAS DATED DATEK DATO DATRON DATS DATSUN DATUK DATUM DATURA DATZ DAVALOS DAVANZO DAVCO DAVENPORT DAVERSA DAVI DAVIA DAVID DAVIDA DAVIDE DAVIDIAN DAVIDIANS DAVIDS DAVIDSON DAVIGNON DAVILA DAVIN DAVINA DAVINCI DAVINO DAVIR DAVIS DAVIS'S DAVISON DAVLIN DAVOLI DAVOS DAVY DAVYDOV DAWIT DAX' DAXOR DBASE DE DEACTIVATED DEALBA DEANA DEANDA DEANGELIS DEB DEBACLE DEBACLES DEBARMENT DEBARTOLO DEBARTOLOS DEBATABLE DEBATED DEBELAK DEBENEDICTIS DEBI DEBIASE DEBILITATED DEBILITY DEBIT DEBLANC DEBLASIO DEBLUM DEBNAM DEBO DEBOLD DEBOLT DEBONA DEBONIS DEBONO DEBOR DEBORD DEBRA DEBRUIN DEBS DEBUG DEBUNK DEBUNKS DEBUS DEBUSK DEBUT DEBUTANTE DEBUTANTES DEBUTS DEC DECADENT DECADENTS DECAF DECALS DECAMP DECANDIA DECANT DECAPITATED DECAPRIO DECAPUA DECARLI DECARLO DECARO DECASTRO DECATO DECEDENT DECEDENTS DECENCY DECENT DECENTLY DECESARE DECIBEL DECIBELS DECIDED DECIDEDLY DECIMA DECIMAL DECIMALS DECIMATED DECLARANT DECLARATORY DECO DECODED DECOLA DECOM DECOMPOSES DECONCINI DECONGESTANT DECONGESTANTS DECONSTRUCT DECONTAMINATED DECONTROL DECOR DECORDOVA DECORTE DECORUM DECOSTA DECOSTE DECREPIT DECREPITLY DECRESCENZO DECRISTOFARO DECRY DEDIC DEDICATED DEDIOS DEDMAN DEDMON DEDO DEDOMINICIS DEDUCT DEDUCTED DEDUCTIBILITY DEDUCTIBLE DEDUCTIBLES DEDUCTS DEFABIO DEFALCO DEFAMATORY DEFARGES DEFAZIO DEFEATISM DEFECT DEFECTED DEFECTS DEFEND DEFENDANT DEFENDANTS DEFENDED DEFENDS DEFENSES DEFENSIBLE DEFEO DEFIANT DEFIANTLY DEFICIT DEFICITS DEFINA DEFINABLE DEFINO DEFIORE DEFLATED DEFLECT DEFLECTED DEFLECTS DEFOLIANT DEFOLIANTS DEFOREST DEFORM DEFORMITY DEFRANCESCO DEFRANCISCO DEFRANCO DEFRANK DEFROST DEFT DEFTERIOS DEFTLY DEFUNCT DEFUND DEFUSCO DEFUSE DEFUSED DEFUSING DEFY DEGAETANO DEGAN DEGARMO DEGAS DEGEN DEGENERES DEGENHART DEGIDIO DEGIROLAMO DEGNAN DEGRACE DEGRADABLE DEGRADED DEGRAND DEGRAVE DEGRAZIA DEGREGORIO DEGUIRE DEGUSSA DEGUTARE DEGUZMAN DEHARBE DEHART DEHAVEN DEHERE DEHUMANIZATION DEHUMANIZE DEHUMANIZED DEHUMANIZING DEHUMIDIFIED DEHUMIDIFIER DEHUMIDIFIES DEHYDRATED DEIFY DEION DEIST DEITY DEJA DEJECT DEJECTED DEJESUS DEJULIO DEKALB DEKLE DEKOM DEL DELA DELACERDA DELACRUZ DELACY DELAFUENTE DELAGARZA DELAHANTY DELAHUNT DELAHUNTY DELAMAR DELANCY DELAND DELANO DELANY DELAP DELAPAZ DELAPENA DELARA DELARIVA DELAROSA DELASKI DELAVAL DELAVAN DELAVEGA DELAWARIAN DELAWARIANS DELBARCO DELBENE DELBIANCO DELBUONO DELCAMBRE DELCAMP DELCAMPO DELCARLO DELCINE DELCO DELCONTE DELCOR DELDUCA DELECTABLE DELEGATED DELEHANTY DELEO DELEON DELEONARDIS DELETED DELFAVERO DELFIN DELFINA DELFINE DELFINO DELFS DELFT DELGADIO DELGADO DELGRANDE DELGRECO DELI DELIA DELIAL DELICACY DELILA DELIMA DELINE DELINEATED DELINQUENCY DELINQUENT DELINQUENTS DELIO DELIRIUM DELISA DELISI DELISIO DELIST DELISTED DELK DELMA DELMAN DELMARVA DELMAS DELMASTRO DELMED DELMONACO DELMONICO DELMONT DELMONTE DELNEGRO DELNERO DELO DELORA DELOREAN DELORENZO DELORES DELORIA DELORME DELORS DELP DELPHAX DELPINO DELPONTE DELPOZO DELPRIORE DELRINA DELRIO DELROSARIO DELSANTO DELSIGNORE DELTA DELTACORP DELTAIC DELTAK DELTAS DELTEC DELTONA DELTORO DELUCA DELUCAS DELUDED DELUGE DELUGED DELUNA DELUXE DELVIN DELWIN DELWIP DELWYN DEMAGOGIC DEMAGOGY DEMAIO DEMAN DEMAND DEMANDED DEMANDS DEMAR DEMARCO DEMARCUS DEMARIA DEMARINO DEMARIO DEMARK DEMARTIN DEMARTINI DEMARTINO DEMARY DEMARZO DEMAS DEMASI DEMBINSKI DEMBOWSKI DEMBY DEMEL DEMELO DEMENT DEMENTED DEMENTIA DEMEO DEMERIT DEMERITS DEMETRIA DEMETRIO DEMETRIUS DEMI DEMILIO DEMILO DEMINT DEMIRAG DEMIREL DEMJANJUK DEMKO DEMO DEMOBILIZES DEMOCRACY DEMOCRAT DEMOCRATIC DEMOCRATICA DEMOCRATICS DEMOCRATIZES DEMOCRATS DEMODULATED DEMON DEMOND DEMONIC DEMONIZEZ DEMONS DEMONSTRABLE DEMONSTRABLY DEMONSTRATED DEMONT DEMONTE DEMOREST DEMOS DEMOTED DEMOV DEMPEWOLF DEMPS DEMSKI DEMSKY DEMURE DEMURELY DEMURO DEMUS DEMYAN DEMYSTIFY DEN DENA DENAPOLI DENARD DENARDO DENARIUS DENARO DENATALE DENBO DENBY DENDEN DENDRITIC DENDY DENGEL DENHART DENHARTOG DENHOLM DENIABILITY DENIAL DENIALS DENICOLA DENIGRATED DENIGRIS DENIM DENIO DENIRO DENIS DENISON DENISTON DENIZ DENIZEN DENIZENS DENK DENKI DENKINS DENKO DENKTAS DENMAN DENMARK DENMON DENO DENOBLE DENOMINATED DENOTED DENS DENSEST DENSITY DENSON DENT DENTAL DENTALS DENTE DENTED DENTIN DENTINO DENTIST DENTISTRY DENTISTS DENTON DENTREMONT DENTS DENTSU DENUDED DENUNZIO DENWA DENY DENYS DENZ DENZEL DENZIL DEO DEON DEONTOLOGICAL DEONTOLOGY DEORBIT DEP DEPACE DEPALMA DEPALO DEPART DEPARTED DEPARTMENT DEPARTMENTALIZES DEPARTMENTS DEPARTS DEPASCALE DEPASQUALE DEPAZ DEPEND DEPENDABILITY DEPENDABLE DEPENDED DEPENDENCY DEPENDENT DEPENDENTS DEPENDS DEPETRO DEPEW DEPICT DEPICTED DEPICTS DEPILATORY DEPINA DEPINTO DEPLETED DEPLORABLE DEPO DEPOLO DEPONTE DEPOPULATE DEPOPULATION DEPORT DEPORTED DEPORTMENT DEPOSI DEPOSIT DEPOSITARY DEPOSITED DEPOSITORY DEPOSITS DEPRAVITY DEPRECATED DEPRECIATED DEPRENYL DEPREZ DEPRIEST DEPROGRAM DEPTULA DEPUE DEPUTIES DEPUTIZE DEPUTIZED DEPUY DERAMO DERAMUS DERASMO DERCOLE DEREGULATE DEREGULATING DEREGULATION DEREGULATOR DEREGULATORS DEREK DERELICT DERELICTS DEREN DERENZO DERIDA DERIDED DERIK DERISO DEROSA DEROSIA DERUKO DERUS DERY DESAI DESALVO DESANCTIS DESANTI DESANTIAGO DESANTIS DESANTO DESANTOS DESCRIBABLE DESECRATED DESEGREGATED DESENA DESI DESIDERIO DESIGNATED DESILETS DESILVA DESIMONE DESIO DESIR DESIRABILITY DESIRABLE DESIST DESISTO DESJARDIN DESJARDINS DESK DESKIN DESKINS DESKJET DESKPRO DESKS DESKTOP DESKTOPS DESMA DESMAN DESMET DESMIDS DESMONA DESMOND DESMOPLASIA DESMOPLASTIC DESOTO DESPICABLE DESPISES DESPONDENCY DESPONDENT DESPOSITO DESPOT DESPOTIC DEST DESTEC DESTEFANIS DESTEFANO DESTIN DESTINY DESTRUCT DESTRUCTABLE DESTRUCTED DESTRUCTS DESULTORY DETAR DETECT DETECTABLE DETECTED DETECTS DETEMPLE DETERMINISM DETEST DETESTED DETJEN DETLEFSEN DETONATED DETORE DETOXICATION DETOXIFICATION DETRACT DETRACTED DETRACTS DETRIMENT DETRIMENTAL DETRITUS DETRO DETZEL DEV DEVA DEVAL DEVALUATE DEVALUATION DEVALUATIONS DEVALUE DEVALUED DEVALUING DEVAN DEVANY DEVASTATED DEVELCON DEVELOP DEVELOPABLE DEVELOPMENT DEVELOPMENTAL DEVELOPMENTS DEVELOPS DEVENDORF DEVENPORT DEVENS DEVENY DEVERA DEVERE DEVIANCY DEVIANT DEVIANTS DEVIATED DEVICES DEVIL DEVILS DEVIN DEVINCENT DEVINCENTIS DEVINCENZI DEVINCENZO DEVINCI DEVINO DEVINS DEVISES DEVITA DEVITO DEVIVO DEVLIN DEVOL DEVON DEVONA DEVONIAN DEVOR DEVOS DEVOTED DEVOTO DEVRY DEWITZ DEXTER DEXTROSE DEXTROUS DEZARN DEZERN DHLAKAMA DI DIA DIAB DIABASIC DIABETES DIABETIC DIABETICS DIABLO DIABOLICAL DIACRITIC DIACRITICAL DIADEM DIAGNOSES DIAGNOSIS DIAGNOSTEK DIAGNOSTIC DIAGNOSTICS DIAGONAL DIAGONALS DIAGRAM DIAGRAMS DIAL DIALECT DIALECTIC DIALECTICAL DIALECTS DIALOG DIALS DIALYSIS DIAMAGNETIC DIAMANDIS DIAMANT DIAMANTA DIAMANTE DIAMONO DIAN DIANA DIANETICS DIANGELO DIANTONIO DIAPSID DIARIO DIAS DIASA DIASONIC DIASONICS DIASTOLE DIASTOLIC DIASTROPHISM DIATOMIC DIATOMS DIATONIC DIAZ DIAZO DIBARI DIBARTOLO DIBARTOLOMEO DIBIASE DIBIASIO DIBLASI DIBLASIO DIBLE DIBONA DIBS DIBUONO DIC DICAMBA DICAPRIO DICARLO DICENSO DICENZO DICEON DICESARE DICLEMENTE DICOLA DICOMED DICOSTANZO DICOTS DICTA DICTATED DICTATORIAL DICTUM DICUS DID DIDACTIC DIDEOXYCYTIDINE DIDI DIDINIUM DIDION DIDN'T DIDO DIDOMENICO DIDONATO DIEGO DIET DIETARY DIETETIC DIETL DIETS DIEZ DIF DIFABIO DIFALCO DIFAZIO DIFFUSES DIFIORE DIFM DIFONZO DIFRANCESCO DIFRANCO DIG DIGALAKIS DIGANGI DIGBY DIGENOVA DIGEST DIGESTED DIGESTIBLE DIGESTS DIGICON DIGILIO DIGIROLAMO DIGIT DIGITAL DIGITALIS DIGITI DIGITS DIGMAN DIGNAN DIGNIFY DIGNITARY DIGNITY DIGRAZIA DIGREGORIO DIGS DIGUGLIELMO DIIORIO DIJON DILAPIDATED DILATED DILATORY DILDINE DILDY DILEO DILEONARDO DILG DILIBERTO DILIGENT DILIGENTLY DILIP DILKS DILORENZO DILORETO DILORIO DILS DILSON DILTIAZEM DILTS DILTZ DILUTED DILUZIO DIM DIMAIO DIMAMBRO DIMARCO DIMARE DIMARIA DIMARINO DIMARIO DIMARTINO DIMARZIO DIMARZO DIMAS DIMASI DIMEGLIO DIMEO DIMICELI DIMINO DIMINUTIVE DIMITRI DIMITRIOS DIMITRIUS DIMITRIUS'S DIMITRUK DIMLY DIMON DIMONA DIMOND DIMORPHISM DIMPERIO DIMPLE DIMPLED DIMPLES DIMRY DIMS DIMUNITION DIMURO DIMUZIO DIN DINA DINAN DINAPOLI DINAR DINARDO DINATALE DINDA DINGEL DINGES DINGLE DINGLER DINGO DINGUS DINGY DINI DINICOLA DININO DINIUS DINK DINKEL DINKINS DINKY DINO DINOSEB DINOTO DINOTOPIA DINOVO DINSA DINT DINUNZIO DIOCESAN DIODATI DIODATO DION DIONA DIONISIO DIONYSIAN DIONYSIUS DIOR DIORIO DIOS DIOS'S DIOXIDE DIOXIDES DIP DIPALMA DIPANJAN DIPAOLA DIPAOLO DIPASQUALE DIPERNA DIPIAZZA DIPINTO DIPLOMA DIPLOMACY DIPLOMAS DIPLOMAT DIPLOMATIC DIPLOMATS DIPRIMA DIPS DIRENZO DIREST DIROSA DIS DISA DISABATINO DISABATO DISABILITY DISABLE DISABLED DISABLES DISABLING DISABUSE DISABUSED DISADVANTAGES DISALVO DISANO DISANTI DISANTIS DISANTO DISARM DISARMAMENT DISBAND DISBANDED DISBAR DISBARMENT DISBRO DISC DISCARD DISCARDED DISCARDS DISCENZA DISCLAND DISCLOSES DISCO DISCOMBOBULATE DISCOMBOBULATES DISCOMBOBULATING DISCONTENT DISCONTENTED DISCONTENTEDLY DISCONTENTS DISCONTINUANCE DISCONTINUATION DISCONTINUE DISCONTINUED DISCONTINUING DISCONTINUITY DISCORD DISCORDANT DISCOS DISCREDIT DISCREDITED DISCREDITS DISCREPANCY DISCRIMINATED DISCRIMINATORY DISCS DISCUS DISEMBARK DISENTANGLE DISEQUILIBRIUM DISGRUNTLED DISGRUNTLEMENT DISGRUNTLING DISGUST DISGUSTED DISGUSTS DISHARMONY DISILVESTRO DISIMONE DISINFECT DISINFECTANT DISINFECTANTS DISINFORM DISINGENUOUS DISINTEGRATED DISINVESTMENT DISINVITED DISK DISKIN DISKS DISLOCATED DISMAL DISMANTLE DISMANTLED DISMANTLEMENT DISMANTLES DISMANTLING DISMUKE DISMUKES DISMUTASE DISOBEDIENT DISON DISORIENT DISORIENTED DISPARAGES DISPARITY DISPEL DISPELS DISPENSABLE DISPENSES DISPENZA DISPIRITED DISPLACES DISPOSABLE DISPOSABLES DISPOSAL DISPOSALS DISPOSES DISPROVEN DISPUTATION DISPUTE DISPUTES DISPUTING DISQUALIFY DISQUIET DISREGARD DISREGARDED DISREGARDS DISREPUTE DISRESPECT DISRESPECTED DISRESPECTFUL DISRESPECTS DISRUPT DISRUPTED DISRUPTS DISTAD DISTAL DISTANCES DISTANT DISTASI DISTASIO DISTEFANO DISTEL DISTEND DISTENDED DISTIL DISTINCT DISTINCTLY DISTORT DISTORTED DISTORTS DISTRACT DISTRACTED DISTRACTS DISTRIBUTE DISTRIBUTES DISTRIBUTING DISTRIBUTION DISTRIBUTIONS DISTRIBUTIVE DISTRIBUTOR DISTRIBUTORS DISTRICT DISTRICTING DISTRICTS DISTRIGAS DISTRON DISTRUST DISTRUSTED DISTRUSTFUL DISTRUSTS DISUSE DITKA DITSY DITZEL DIURETIC DIURETICS DIVA DIVAD DIVALENT DIVAN DIVAS DIVEN DIVENS DIVERTICULA DIVERTICULUM DIVEST DIVESTED DIVESTMENT DIVESTMENTS DIVESTS DIVI DIVIDED DIVIDEND DIVIDENDS DIVINCENZO DIVINITAS DIVINITY DIVIRGILIO DIVIS DIVISIBLE DIVISON DIVITA DIVITO DIVORCES DIWA DIWALI DIXIE DIXIELAND DIXON'S DIXSON DIZON DLUGOSZ DO DOABLE DOB DOBEK DOBIAS DOBIS DOBKIN DOBKINS DOBLE DOBLER DOBOJ DOBOS DOBRANSKY DOBRATZ DOBRIMIR DOBRIN DOBRINJA DOBRINS DOBRINSKI DOBROWSKI DOBRY DOBRYNIN DOBSON DOBSONS DOBY DOBYNS DOC DOCENT DOCENTS DOCILA DOCILITY DOCTRINAL DOCUDRAMA DOCUMENTARY DOCUMENTATION DOCUMENTING DODARO DODI DODO DODOS DODSON DOFASCO DOG DOGAN DOGLE DOGMA DOGMATIC DOGS DOHA DOHENY DOL DOLAK DOLAN DOLAND DOLATA DOLBY DOLCE DOLD DOLDRUM DOLDRUMS DOLEN DOLEZAL DOLF DOLFI DOLGEN DOLGIN DOLIN DOLINSKI DOLINSKY DOLMAN DOLORES DOLORITA DOLS DOLSON DOLTON DOM DOMAGALA DOMAGALSKI DOMAN DOMANICO DOMANSKI DOMAS DOMBEK DOMBROSKI DOMBROSKY DOMBROWSKI DOMEK DOMENICI DOMENICO DOMENICONI DOMESTIC DOMESTICATED DOMESTICITY DOMESTICS DOMICAL DOMICO DOMIN DOMINA DOMINANT DOMINATED DOMINE DOMINGO DOMINGOS DOMINI DOMINIAK DOMINIC DOMINICA DOMINICAN DOMINICANA DOMINICANS DOMINICI DOMINIK DOMINION DOMINO DOMINOS DOMINQUEZ DOMINSKI DOMINUS DOMINY DOMZALSKI DON DONA DONADIO DONAHO DONAHUE DONALD DONALDA DONALDO DONALDSON DONALDSONS DONALSON DONAPRIA DONAT DONATA DONATED DONATI DONATISTS DONATO DONAVAN DONDERO DONEGAN DONELAN DONELSON DONGEN DONHAM DONIA DONICA DONIGAN DONILON DONIS DONLAN DONLIN DONLON DONOFRIO DONOHO DONOHUE DONOVAN DONS DONUT DONUTS DONVAN DOPA DOPSON DORA DORADO DORAL DORALIN DORAN DORAZIO DORCAS DOREA DORELIA DOREMUS DOREN DORENA DORF DORFMAN DORGAN DORI DORIA DORIAN DORIANS DORIC DORIN DORINDA DORINE DORIO DORION DORIS DORITOS DORITY DORKO DORLAND DORM DORMAN DORMANCY DORMANT DORMITORY DORMS DORN DORNAK DORNAM DORNAN DORNFELD DORNHENS DORO DORON DORSA DORSAL DORSET DORSI DORST DORT DORTA DORTMUND DORTON DORVAL DORWART DORY DOS DOSAGES DOSES DOSIA DOSKOCIL DOSPASOS DOST DOSTAL DOT DOTAN DOTEN DOTO DOTS DOTSON DOTY DOUGL DOV DOVEL DOVIDIO DOXEY DOXIE DOXOLOGIES DOXTATER DOZEN DOZENS DOZES DRAB DRABEK DRABIK DRABINSKY DRABKIN DRABS DRACO DRACONIAN DRAFT DRAFTED DRAFTS DRAFTSMAN DRAFTSMEN DRAFTY DRAG DRAGAN DRAGNET DRAGNETS DRAGO DRAGON DRAGONS DRAGS DRAHOS DRAKOS DRAM DRAMA DRAMAS DRAMATIC DRAMATICS DRAMATIST DRAMATIZES DRAMS DRANK DRAPKIN DRASTIC DRAVIS DRAVO DREBSKY DRED DREGS DREMAN DRESDEN DRESEN DREXEL'S DREXLER DRIBS DRIEST DRIFT DRIFTA DRIFTED DRIFTNET DRIFTS DRINK DRINKABLE DRINKS DRIP DRIPS DRIVABLE DRIVEL DRIVEN DROBKOV DROBNY DROLET DROMEDARY DROMI DROMOMANIA DROMON DRONET DROP DROPKIN DROPLET DROPLETS DROPS DROPSY DROST DROZ DROZD DROZDA DROZDOWSKI DRU DRUB DRUG DRUGAN DRUGS DRUID DRUIDS DRUM DRUMS DRUNK DRUNKEN DRUNKS DRURY DRUSA DRY DRYDEN DRYLY DSOUZA DU DUAL DUALIST DUALISTIC DUALITY DUALS DUAN DUANA DUARTE DUB DUBA DUBAS DUBCEK DUBIN DUBININ DUBINSKY DUBIS DUBLIN DUBORD DUBROC DUBROVNIK DUBROVNIKS DUBROVSKY DUBS DUBUC DUBY DUC DUCA DUCAL DUCLOS DUCT DUCTILITY DUCTS DUD DUDA DUDAS DUDEK DUDEN DUDES DUDIK DUDMAN DUDS DUDZIK DUEL DUELIST DUELS DUENA DUENAS DUENEZ DUET DUETS DUFEK DUG DUGAL DUGALD DUGAN DUGAS DUGO DUGUID DUHAMEL DUHART DUHON DUIS DUK DUKAKIS DUKAKIS'S DUKAKISES DUKART DULA DULAC DULAK DULANEY DULAY DULCEA DULCET DULCINEA DULEY DULIN DULING DULONG DULSKI DULUDE DULY DUM DUMA DUMAN DUMAS DUMBO DUMENIL DUMEZ DUMIRE DUMKE DUMOND DUMONT DUMP DUMPS DUMPTY DUMPY DUN DUNA DUNAGAN DUNAJ DUNAVAN DUNAVANT DUNBAR DUNC DUNCAN DUNCANSON DUNDAS DUNDON DUNEDIN DUNEGAN DUNGAN DUNIGAN DUNIVAN DUNJA DUNK DUNKEL DUNKIN DUNKLE DUNKLIN DUNKS DUNLAP DUNLAVY DUNLEVY DUNLOP DUNMAN DUNMIRE DUNS DUNSON DUNST DUNSTAN DUNSTON DUNTON DUO DUODENAL DUODENUM DUOPOLY DUPIN DUPLANTIS DUPLER DUPLICATED DUPLICATES DUPLICATION DUPLICITY DUPONT DUPRAS DUPRE DUPRIEST DUPUY DURA DURABLE DURABLES DURAKON DURALL DURAMED DURAND DURANDO DURANT DURANTE DURAZO DURELL DUREN DURENE DURI DURICK DURIO DURIRON DURO DUROSS DURSO DURUM DURY DUSEK DUSENBURY DUSK DUSKIN DUST DUSTBIN DUSTED DUSTIN DUSTMAN DUSTON DUSTS DUSTY DUTIFUL DUTIL DUTKA DUTKO DUTRA DUTRO DUTSON DUTY DUVA DUVAL DUZAN DVORACEK DVORAK DVORSKY DWAN DWANA DWARF DWARFS DWELT DWINDLE DWINDLED DWINDLES DWINDLING DWIVEDI DWORIN DWORKIN DYAD DYAL DYAN DYANA DYANSEN DYAS DYATRON DYBAS DYCO DYCUS DYK DYKAS DYKMAN DYKSTRA DYLAN DYLANS DYLEWSKI DYMEK DYMENT DYMOND DYNAFAC DYNALECTRIC DYNALECTRON DYNAMIC DYNAMICS DYNAMICS'S DYNAMO DYNAPAC DYNASCAN DYNASTIC DYNASTY DYNCORP DYSAN DYSENTERY DYSON DYSPEPTIC DYSPNEA DZIAK DZIK E EARWAX EB EBA EBAN EBANKS EBANO EBARB EBASCO EBEL EBEN EBLE EBLIN EBLING EBOLA EBONIC EBONICS EBONY EBRO EBRON EBY ECAD ECCENTRIC ECCENTRICITY ECCENTRICS ECEVIT ECKL ECLECTIC ECLIPSES ECLIPTIC ECO ECOGEN ECOLAB ECOLOGICAL ECOLOGIST ECOLOGISTS ECOLOGY ECON ECONOCOM ECONOMETRIC ECONOMETRICS ECONOMIC ECONOMICAL ECONOMICO ECONOMICS ECONOMIST ECONOMISTS ECONOMIZES ECONOMOS ECONOMY ECOSYSTEM ECOSYSTEMS ECRU ECSTASY ECSTATIC ECTON ECUADOR ECUADORAN ECUADOREAN ECUADORIAN ECZEMA ED EDA EDAM EDAN EDANA EDEL EDELEN EDELMAN EDELSON EDEMA EDEN EDENS EDENTON EDGREN EDI EDIBLE EDIBLES EDICT EDICTS EDIFY EDIN EDINA EDISON EDISONS EDISTO EDIT EDITED EDITORIAL EDITORIALIST EDITORIALISTS EDITORIALS EDITS EDIVA EDIVAL EDIZIONE EDLEMAN EDLIN EDLUND EDLYN EDMAN EDMANDS EDMAR EDMARK EDMISON EDMISTON EDMOND EDMONDA EDMONDS EDMONDSON EDMONSON EDMONSTON EDMONTON EDMUND EDMUNDA EDMUNDO EDMUNDS EDMUNDSON EDNA EDO EDOARDO EDOLF EDQUIST EDRA EDREA EDRIC EDRIS EDSEL EDSON EDSTROM EDUARDO EDUCATED EDWALD EDWARDIAN EDWARDSON EDWIN EDWINA EEO EFECTO EFFLUX EFRON EFTA EGALITARIAN EGAN EGBERTA EGELAND EGELSTON EGELTON EGLAND EGLE EGLESTON EGLI EGLIN EGLY EGO EGOCENTRIC EGOLF EGOMANIAC EGON EGOS EGOTIST EGOTISTICAL EGRET EGYPT EGYPTOLOGY EHUD EJACULATE EJACULATION EJECT EJECTED EJECTS EJUP EK EKA EKATERINA EKBLAD EKHOLM EKINS EKLUND EKMAN EKO EKOFISK EKSPORTFINANS EKSTRAND EKSTROM EL EL-NINO ELA ELAM ELAMIN ELAN ELAND ELARDO ELASTIC ELASTICITY ELAT ELATA ELATED ELBERTA ELBRUS ELCO ELCOR ELCOTEL ELDAR ELDEN ELDEST ELDIN ELDON ELDORA ELDRIC ELDRIDA ELDWIN ELECT ELECTABILITY ELECTABLE ELECTED ELECTRA ELECTRIC ELECTRICAL ELECTRICALS ELECTRICAR ELECTRICITE ELECTRICITY ELECTRICS ELECTRIFY ELECTRO ELECTROBIOLOGY ELECTROCARDIOGRAM ELECTROCARDIOGRAMS ELECTROCOM ELECTROCUTE ELECTROCUTION ELECTROCUTIONS ELECTRODYNAMIC ELECTRODYNAMICS ELECTROLYSIS ELECTROLYTIC ELECTROMAGNET ELECTROMAGNETIC ELECTROMAGNETS ELECTROMEDICS ELECTRON ELECTRONIC ELECTRONICS ELECTRONS ELECTROSTATIC ELECTS ELEFANTE ELEGANT ELEGANTLY ELEGY ELEK ELEKTRA ELEKTRISK ELEKTRON ELEMENT ELEMENTAL ELEMENTS ELENA ELEONORE ELETR ELEVATED ELEVEN ELEVENS ELF ELFIN ELFMAN ELFREDA ELFRIDA ELFRINK ELFSTROM ELG ELGA ELGART ELGERSMA ELGIN ELI ELIA ELIAS ELIASON ELICIT ELICITED ELICITS ELIGIBILITY ELIGIBLE ELIHU ELIMINATED ELINORE ELIO ELIOT ELISA ELISON ELITIST ELITISTS ELIXIR ELIZA ELIZALDE ELIZONDO ELK ELKHART ELKHORN ELKIN ELKIND ELKINS ELKO ELKS ELKTON ELM ELMA ELMAN ELMENDORF ELMIRA ELMO ELMQUIST ELMS ELNA ELNORA ELNOZAHY ELOCUTION ELOCUTIONS ELONGATED ELOQUENT ELOQUENTLY ELRICA ELROD ELRON ELS ELSA ELSAS ELSBURY ELSDON ELSEA ELSEN ELSES ELSON ELSTAD ELSTON ELTON ELUCIDATED ELUDED ELVA ELVERA ELVGREN ELVIA ELVIN ELVINA ELVIRA ELVIS ELVIS'S ELVY ELWIN ELXSI ELY ELYN ELYRIA ELYSIA ELYSIUM ELZA ELZINGA ELZY EM EMA EMACIATED EMAD EMANATED EMANCIPATED EMANUELE EMASCULATE EMBANKMENT EMBANKMENTS EMBARCADERO EMBARGO EMBARK EMBARKS EMBED EMBLAZON EMBLEM EMBLEMATIC EMBLEMS EMBLETON EMBODIMENT EMBODY EMBOLDEN EMBRACES EMBRY EMBRYO EMBRYOLOGY EMBRYONIC EMBRYOS EMBURY EMCO EMEL EMELDA EMELINA EMELITA EMENS EMERA EMERANT EMERITUS EMETIC EMHART EMIG EMIGRANT EMIGRANTS EMIGRATED EMIGRE EMIGRES EMIL EMILIA EMILIO EMILO EMILY EMINA EMINASE EMINENCES EMINENT EMINENTLY EMIR EMISON EMIT EMITS EMLYN EMMANUEL EMO EMOND EMOTICON EMOTIONALISM EMPANEL EMPIRICAL EMPIRICIST EMPORIA EMPORIUM EMPRESA EMPRESAS EMPSON EMPT EMPTED EMPTS EMPTY EMRY EMSLIE EMUIL'S EMULATE EMULATES EMULATING EMULATION EN ENA ENABLE ENABLED ENABLER ENABLES ENABLING ENACT ENACTED ENACTMENT ENACTMENTS ENACTS ENAMEL ENAMELS ENASA ENCAMP ENCAMPMENT ENCAMPMENTS ENCAPSULATED ENCARNACION ENCARTA ENCATA ENCINAS ENCINIAS ENCINO ENCISO ENCODED ENCOR ENCRUST ENCRUSTED ENCRYPT ENCRYPTED ENCYCLICAL ENCYCLICALS ENCYCLOPEDIA ENCYCLOPEDIAS ENCYCLOPEDIC ENCYCLOPEDIST END ENDAKA ENDARA ENDED ENDELMAN ENDEMIC ENDEVCO ENDO ENDOCRINOLOGIST ENDOCRINOLOGISTS ENDOCRINOLOGY ENDOMETRIAL ENDOMETRIOSIS ENDORSES ENDOSCOPIC ENDOSCOPY ENDOTRONICS ENDOTRONICS'S ENDPRODUCT ENDPRODUCTS ENDRIZZI ENDS ENDURE ENDURED ENDURES ENDURING ENDUSER ENDUSERS ENDY ENEA ENEMA ENEMAS ENEMY ENFANT ENFOLD ENFORCES ENGAGES ENGEBRETSEN ENGEBRETSON ENGEL ENGELBERTA ENGELHARD ENGELHART ENGELKEN ENGELMAN ENGELS ENGELSON ENGELSTAD ENGLAND ENGLANDS ENGLBRED ENGLE ENGLER ENGRAM ENGULF ENHANCES ENHOLM ENIAC ENID ENIGMA ENIGMATIC ENIMONT ENIS ENLARGES ENLIST ENLISTED ENLISTMENT ENLISTS ENLIVEN ENLIVENS ENLO ENMAN ENMITY ENO ENOJADA ENOLA ENOMOTO ENORMITY ENOS ENQUESO ENQUIST ENRAGES ENRICA ENRICO ENRIQUEZ ENRO ENRON ENSCO ENSECO ENSEMBLE ENSEMBLES ENSKILDA ENSLIN ENSNARL ENSRUD ENSTROM ENT ENTANGLE ENTANGLED ENTANGLEMENT ENTANGLEMENTS ENTE ENTENDRE ENTHUSIASM ENTHUSIASMS ENTIN ENTITLE ENTITLED ENTITLEMENT ENTITLEMENTS ENTITLES ENTITLING ENTITY ENTOMOLOGIST ENTOMOLOGISTS ENTOMOLOGY ENTRANCES ENTRANT ENTRANTS ENTRAP ENTRAPMENT ENTRE ENTREKIN ENTREPRENEURIALISM ENTRIKIN ENTROPY ENTRUST ENTRUSTED ENTRY ENTZ ENUNCIATED ENVELOP ENVELOPS ENVIABLE ENVIRO ENVIRONIC ENVIRONICS ENVIRONMENT ENVIRONMENTAL ENVIRONMENTALIST ENVIRONMENTALISTS ENVIRONMENTS ENVIRONS ENVIROPACT ENVIROTEST ENVISAGES ENVOS ENVY ENYART ENZ ENZO ENZON ENZYMATIC EOLANDE EON EONS EOS EOS'S EPCOT EPEDA EPIC EPICS EPICURE EPIDEMIC EPIDEMICS EPIDEMIOLOGICAL EPIDEMIOLOGIST EPIDEMIOLOGISTS EPIDEMIOLOGY EPIGENETIC EPIGRAM EPILEPSY EPILEPTIC EPILEPTICS EPISCOPAL EPISCOPALIAN EPISCOPALIANS EPISCOPO EPISODIC EPISTEMOLOGY EPISTOLARY EPITOME EPITOMIZES EPLIN EPOGEN EPROM EPROMS EPSCO EPSILON EPSOM EPSON EQUABLE EQUAL EQUALITY EQUALIZES EQUALS EQUANIMITY EQUATED EQUATORIAL EQUESTRIAN EQUIANGULAR EQUIBANK EQUICOR EQUILIBRIA EQUILIBRIUM EQUILINK EQUIMARK EQUION EQUIP EQUIPMENT EQUIPMENTS EQUIPS EQUITABLE EQUITABLY EQUITAS EQUITEC EQUITICORP EQUITY EQUIVALENCY EQUIVALENT EQUIVALENTS EQUIVOCAL ERA ERADICABLE ERADICATED ERAKAT ERALP ERAMO ERANY ERAS ERASABLE ERASES ERASMUS ERASTUS ERAWAN ERAZO ERDA ERECT ERECTED ERECTS ERENSEL ERGOTISM ERHARD ERIC ERICA ERICSON ERIDANIA ERIK ERIKA ERIKSEN ERIKSON ERIN ERION ERISA ERISMAN ERITREA ERITREAN ERLE ERNO ERO ERODED ERODIBLE EROL ERON EROS EROTIC EROTICA EROTICISM ERSATZ ERTL ERUPT ERUPTED ERUPTS ERXLEBEN ES ESCADA ESCALANTE ESCALATED ESCALERA ESCALONA ESCAMBIA ESCAMEZ ESCANABA ESCANDON ESCARCEGA ESCARENO ESCARPMENT ESCARPMENTS ESCO ESCOBAR ESCOBEDO ESCONDIDO ESCORA ESCORT ESCORTED ESCORTS ESCOTO ESCUDERO ESCUDO ESCUDOS ESCUE ESCULENT ESKANDARIAN ESKELSON ESKENAZI ESKEW ESKIMO ESKIMOS ESKIN ESLER ESMARK ESMOND ESOTERIC ESPADA ESPANOLA ESPARZA ESPECTADOR ESPEJO ESPELAND ESPINAL ESPINO ESPINOLA ESPINOSA ESPINOZA ESPIRITO ESPIRITU ESPLIN ESPOSITO ESPY ESQUEDA ESQUIBEL ESQUIVEL ESSEX ESSEX'S ESTA ESTAN ESTEBAN ESTEDAT ESTEFAN ESTEL ESTENSON ESTEP ESTES ESTEVES ESTEVEZ ESTIMABLE ESTIMATED ESTIS ESTOK ESTONIA ESTONIAN ESTONIANS ESTRADA ESTRIN ESTROGEN ESTROGENS ESTRUS ESTUARY ESTY ET ETHNOCENTRISM ETHNOMUSICOLOGIST ETIOLOGY ETNA ETON ETOPS ETRUSCAN ETRUSCANS ETSTY ETSU ETYMOLOGICAL ETYMOLOGY ETZEL ETZIONI EUAN EUBANK EUBANKS EUCALYPTI EUCALYPTUS EUCLEA EUCLID EUDORA EUDOSIA EUDY EUGENIA EUGENIC EUGENICS EUGENIO EULA EULOGY EUPHEMISM EUPHEMISMS EURECA EUREKA EUREST EURO EUROBOND EUROBONDS EUROCOM EUROCRAT EUROCRATS EURODEPOSIT EURODEPOSITS EUROFIMA EUROMARK EUROMARKET EUROMARKETS EUROPA EUROPEAN EUROPEANS EUROPIUM EUROS EUROSID EUROSTAR EUROSTAT EUROYEN EURY EUSEBIO EUSTIS EV EVA EVACUATE EVACUEE EVACUEES EVADED EVADNE EVALD EVALUATE EVALUATES EVALUATING EVALUATION EVALUATIONS EVAN EVANGELICAL EVANGELICALS EVANGELIST EVANGELISTA EVANGELISTIC EVANGELISTS EVANGI EVANKO EVANOV EVANS EVANS'S EVANSON EVANSTON EVEL EVELINA EVELYN EVEN EVENHANDED EVENHANDEDLY EVENLY EVENS EVENSEN EVENSKY EVENSON EVENT EVENTFUL EVENTS EVENTUAL EVENTUALITY EVENTUALLY EVEREX EVIAN EVICT EVICTED EVIDENCES EVIDENT EVIDENTIARY EVIDENTLY EVIL EVILS EVIN EVINS EVITA EVJEN EVLYN EVOLA EVON EVREN EWALD EWALT EWAN EWBAL EWBANK EWEN EWIG EWTON EWY EX-VOTO EXABYTE EXACERBATED EXACTING EXACTION EXACTIONS EXACTITUDE EXACTLY'S EXALTING EXAMINATION EXAMINATIONS EXAMINE EXAMINED EXAMINER EXAMINERS EXAMINES EXAMINING EXAR EXASPERATED EXBROKER EXBROKERS EXCALIBUR EXCAVATE EXCAVATING EXCAVATION EXCAVATIONS EXCAVATOR EXCAVATORS EXCEDRIN EXCEL EXCELAN EXCELS EXCEPT EXCEPTED EXCHANGES EXCISES EXCITABLE EXCITED EXCITEDLY EXCLAIM EXCLAIMS EXCLAMATION EXCLAMATIONS EXCLUDE EXCLUDES EXCLUDING EXCLUSION EXCLUSIONARY EXCLUSIONS EXCLUSIVE EXCLUSIVELY EXCLUSIVES EXCOMMUNICATE EXCOMMUNICATION EXCORIATE EXCORIATING EXCORIATION EXCRETE EXCRETION EXCRUCIATING EXCRUCIATINGLY EXCULPATE EXECUTIONER EXECUTIONERS EXECUTIVE'S EXECUTIVES' EXEMPLARY EXEMPLIFIED EXEMPLIFIES EXEMPLIFYING EXEMPTING EXEMPTION EXEMPTIONS EXERCISABLE EXERCISES EXERT EXERTED EXERTS EXETER EXFOLIATE EXFOLIATION EXHALATION EXHALE EXHALED EXHIBIT EXHIBITED EXHIBITS EXHORT EXHORTED EXHORTS EXIDE EXIGENCIES EXILE EXILED EXILES EXIM'S EXISTENCE EXISTENTIAL EXISTING EXITING EXLER EXLEY EXLINE EXNER EXOGENOUS EXONERATED EXORCIST EXPANDING EXPANSE EXPANSION EXPANSIONARY EXPANSIONIST EXPANSIONS EXPANSIVE EXPATRIATE EXPATRIATES EXPATRIATION EXPECTANCIES EXPECTATION EXPECTATIONS EXPECTING EXPECTORANT EXPEDIENCE EXPEDITE EXPEDITING EXPEDITION EXPEDITIONARY EXPEDITIONS EXPENDING EXPENSE EXPENSING EXPENSIVE EXPENSIVELY EXPERIENCE EXPERIENCED EXPERIENCING EXPERIENTIAL EXPERIMENT'S EXPERIMENTALLY EXPERIMENTATION EXPERIMENTER EXPERIMENTERS EXPERIMENTING EXPERT EXPERTLY EXPERTS EXPIATE EXPIRE EXPIRED EXPIRES EXPIRING EXPLAIN EXPLAINABLE EXPLAINS EXPLANATION EXPLANATIONS EXPLETIVE EXPLETIVES EXPLICATE EXPLICATION EXPLICITE EXPLODE EXPLODES EXPLODING EXPLOIT EXPLOITED EXPLOITS EXPLORAVISION EXPLORE EXPLORED EXPLORER EXPLORERS EXPLORES EXPLORING EXPLOSION EXPLOSIONS EXPLOSIVE EXPLOSIVELY EXPLOSIVES EXPONENTIAL EXPORTER EXPORTERS EXPORTING EXPOSE EXPOSED EXPOSING EXPOSITION EXPOSITIONS EXPOUND EXPOUNDED EXPOUNDS EXPRESS EXPRESS'S EXPRESSES EXPRESSIONISM EXPRESSIVITY EXPRESSLY EXPROPRIATE EXPROPRIATION EXPROPRIATIONS EXPULSION EXPULSIONS EXPUNGE EXPUNGED EXQUISITE EXQUISITELY EXTENDER EXTENDERS EXTENDING EXTENSION EXTENSIONS EXTENSIVE EXTENSIVELY EXTERIOR EXTERIORS EXTERMINATED EXTERNAL EXTINCTION EXTINCTIONS EXTINGUISH EXTINGUISHMENT EXTIRPATED EXTORTING EXTORTION EXTORTIONIST EXTORTIONISTS EXTRACELLULARLY EXTRACTING EXTRACTION EXTRACTIONS EXTRADITE EXTRADITES EXTRADITING EXTRADITION EXTRANEOUS EXTRANEOUSLY EXTRAORDINARILY EXTRAPOLATE EXTRAPOLATES EXTRAPOLATING EXTRAPOLATION EXTRASENSORY EXTRATERRITORIAL EXTRATERRITORIALITY EXTRAVAGANCE EXTREME EXTREMELY EXTREMES EXTREMITIES EXTRICATE EXTRICATES EXTRICATING EXTRICATION EXTROVERT EXTROVERTED EXTRUDE EXTRUDES EXTRUDING EXTRUSION EXUBERANT EXUDE EXUDES EXUDING EXULTING EXXON EZOLA EZRA F'D F'S F. FAB FABEL FABELA FABIA FABIAN FABIANI FABIANO FABIO FABLE FABLED FABLES FABRI FABRIC FABRICANT FABRICATED FABRICS FABRIS FABRIZI FABRIZIUS FABRON FABRY FABULOUS FABULOUSLY FAC FACEMIRE FACES FACET FACETED FACETS FACIANE FACILITATED FACILITY FACSIMILE FACSIMILES FACT FACTIONALISM FACTLY FACTO FACTS FACTUAL FACULTY FAD FADED FADEL FADEN FADIMAN FADS FAG FAGAN FAGEN FAGIN FAGNANT FAGS FAHY FAIRFAX FAIST FAJARDO FAJITA FAJITAS FALAFEL FALANGA FALANI FALASCO FALB FALBO FALCIGNO FALCO FALCON FALCONE FALCONET FALCONETS FALCONI FALCONRY FALCONS FALDO FALIK FALIN FALKOWSKI FALOTICO FALSIFY FALSITY FALVO FALZARANO FALZON FALZONE FAMA FAMBRO FAMILIAL FAMILIARITY FAMILY FAMULARO FAN FANARA FANATIC FANATICAL FANATICS FANCIEST FANCIFUL FANCY FANDANGO FANDEL FANEUIL FANGLE FANGLED FANGUY FANS FANSLER FANT FANTA FANTASIZES FANTASTIC FANTASTIK FANTASY FANTASYLAND FANTINI FANTLE FANTON FANTOZZI FANUC FAR FARABUNDO FARACE FARACI FARAGO FARAHA FARAONE FARB FARBEN FARBMAN FARCICAL FARESE FARFEN FARGNOLI FARGO FARHA FARHAT FARIA FARIAS FARICA FARINO FARIS FARKAS FARLAND FARLY FARM FARMAN FARMHAND FARMHANDS FARMLAND FARMLANDS FARMS FARMYARD FARNAM FARNAN FARNUM FARO FAROLD FARON FARQUAR FARQUHARSON FARSI FARSON FART FARWEST FASANO FASCIANO FASCISM FASIG FASO FASON FASONE FAST FASTED FASTEST FASTS FASULO FAT FATA FATAL FATALIST FATALISTIC FATALISTS FATALITY FATED FATIMA FATS FATULA FATUOUS FATWA FAUX FAVA FAVALE FAVALORO FAVARO FAVATA FAVAZZA FAVELA FAVERO FAVIA FAVORITISM FAVRO FAXED FAXER FAXING FAYARD FAZ FAZEKAS FAZIO FAZZINO FE FEALTY FEBLES FEBRES FEBRUARY'S FECAL FECES FECUNDITY FED FEDAK FEDELI FEDERALISM FEDORA FEDORKO FEDS FEGAN FEJES FEL FELA FELAN FELBATOL FELD FELDA FELDBLUM FELDKAMP FELDMAN FELDSPAR FELDSPARS FELICIANO FELICITY FELIM FELIS FELIZ FELKEL FELKINS FELMAN FELON FELONS FELONY FELPS FELS FELT FELTEN FELTMAN FELTON FELTS FELTSMAN FELTUS FELTY FELTZ FEMA FEMIA FEMINA FEMININITY FEMINIST FEMINISTS FEMSA FEN FENAGLE FENCES FEND FENDED FENDI FENDS FENELON FENIAN FENLON FENOGLIO FENT FENTON FENZEL FEODORA FEOLA FERA FERAL FERALUZI FERDON FERIA FERMATA FERMIUM FERO FEROL FERROMAGNETISM FERY FESCUE FESLER FEST FESTA FESTIVA FESTIVAL FESTIVALS FESTIVITY FESTS FESTUS FETAL FETED FETID FETISHISM FETSKO FETUS FETUSES FETZ FEUD FEUDAL FEUDALISTIC FEUDED FEUDS FEUTZ FEW FEWEST FEZ FI FIALA FIALKOWSKI FIANCE FIASCO FIASCOS FIAT FIATO FIBRIN FIBRONIC FIBRONICS FIBROSIS FICA FICEK FICO FICOM FICORCA FIDALGO FIDATA FIDEL FIDELCO FIDELCOR FIDELIA FIDELITY FIDENAS FIDLER FIDO FIDORA FIDUCIARY FIEROS FIEST FIESTA FIFI FIFTY FIG FIGEL FIGLER FIGMENT FIGMENTS FIGS FIGURA FIGURATIVELY FIJI FIJIAN FIJIANS FIL FILA FILAMENT FILAMENTS FILBY FILIAL FILINSKI FILION FILIP FILIPA FILIPEK FILIPIAK FILIPINO FILIPINOS FILIPKOWSKI FILIPOVIC FILIPSKI FILKINS FILM FILMA FILMS FILO FILOMENA FILOSA FILSON FILTROL FILYAW FIMA FIN FINA FINAGLE FINAL FINALCO FINALE FINALIST FINALISTS FINALITY FINALIZES FINALS FINAN FINANCES FINANCIERA FINANCIERO FINANCO FINANZ FINANZA FINANZIARIA FINANZIARIO FINBAR FIND FINDLING FINDS FINEGAN FINEST FINI FINIAN FINIGAN FININVEST FINK FINKEL FINKELMAN FINKELSON FINKEN FINKLE FINKLEA FINKS FINLAND FINLETS FINO FINS FINSTAD FINSTROM FINTON FINUNC FINZEL FIOLA FIONA FIORAVANTI FIORE FIORENTINO FIORENZA FIORI FIORINA FIORINI FIORINO FIORITO FIRENZA FIRINO FIRPO FIS FISC FISCAL FISCHL FISCUS FISK FISLER FISONS FIST FISTED FISTFUL FISTS FIT FITAK FITFUL FITS FITZ FITZCO FITZGERALD FITZHENRY FIUMARA FIXATE FIXATES FIXATION FIXATIVE FIXATIVES FIXED FIXER FIXING FIXINGS FIXLER FIXMER FJELD FJELSTAD FJORD FJORDS FLAB FLACCID FLAD FLAG FLAGMAN FLAGMEN FLAGRANT FLAGRANTLY FLAGS FLAGSTAR FLAK FLAKY FLAM FLAMENCO FLAMINGO FLAMINGOS FLAMINIAN FLAMSON FLAN FLANAGAN FLANAGIN FLANGES FLANIGAN FLANK FLANKS FLAP FLAPS FLASK FLASKS FLAT FLATBED FLATEN FLATLAND FLATLANDS FLATLY FLATO FLATS FLATULENT FLAVIA FLAVIN FLAVIO FLAVIUS FLED FLEGAL FLEGEL FLEHARTY FLEMONS FLETA FLEXED FLEXER FLEXING FLEXION FLEXTIME FLICEK FLIM FLIMFLAM FLIMSIEST FLIMSY FLINK FLINT FLINTS FLINTY FLIP FLIPS FLIS FLIT FLO FLOC FLODIN FLOG FLOM FLONORIAL FLOP FLOPS FLOPTICAL FLOR FLORA FLORAL FLORALS FLOREA FLOREK FLOREN FLORENTINA FLORENTINO FLORES FLORESCUE FLOREZ FLORI FLORIA FLORIAN FLORID FLORIDA FLORIDABANC FLORIDIAN FLORIDIANS FLORIN FLORINDA FLORINI FLORIO FLORIS FLORIST FLORISTS FLORO FLORY FLOTSAM FLU FLUBS FLUCTUATE FLUCTUATING FLUD FLUENCY FLUENT FLUENTLY FLUID FLUIDITY FLUIDS FLUMMOX FLUNK FLUNKS FLURY FLUS FLUTIST FLUTY FLUVIAL FLUXIONAL FLY FLYBY FLYNT FLYTRAP FOB FOBEL FOCAL FOCUS FOCUSES FODERA FOG FOGAL FOGARTY FOGEL FOGELMAN FOGELSON FOGLE FOGLEMAN FOGLER FOGLIA FOGLIO FOGS FOGT FOGY FOIA FOJTIK FOLAN FOLAND FOLD FOLDED FOLDEN FOLDS FOLHA FOLIC FOLINO FOLSOM FOLSON FOLTA FOLTS FOLTZ FOLZ FOMBY FOMENT FOMENTED FOMENTO FOMON FOND FONDA FONDEST FONDIARIA FONDLE FONDLED FONDLING FONDLY FONDREN FONDUE FONS FONSECA FONT FONTANA FONTANEZ FONTENOT FONTES FONTS FONZ FOP FOR FORA FORAGES FORAN FORAND FORBIS FORBUS FORCEPS FORCES FORCIBLE FORCIBLY FORCUM FORD FORDS FOREST FORESTED FORESTRY FORESTS FORGES FORGETFUL FORGIVABLE FORGO FORGY FORHAN FORIN FORINT FORINTS FORK FORKLIFT FORKLIFTS FORKS FORLENZA FORM FORMA FORMAL FORMALIST FORMALITY FORMALIZES FORMAN FORMANEK FORMANT FORMANTS FORMAT FORMATO FORMATS FORMBY FORMIC FORMICA FORMIDABLE FORMIDABLY FORMOSA FORMOSO FORMS FORMULATE FORMULATES FORMULATING FORMULATION FORMULATIONS FORMYLIN FORNAL FORNI FORNWALT FORSAKEN FORSGREN FORSLUND FORSMAN FORSON FORST FORSTROM FORSWORN FORT FORTAS FORTAS'S FORTE FORTES FORTI FORTIFY FORTIN FORTINI FORTINO FORTIS FORTMAN FORTNA FORTON FORTS FORTSON FORTUNA FORTUNATO FORTUNY FORTY FORUM FORUMS FORYS FORZA FOSCO FOSLER FOTI FOTIS FOXBORO FOXFIRE FOXGLOVE FOXHOLE FOXHOLES FOXHOUND FOXMAN'S FOXTAIL FOXWELL FOXWOOD FOXWOODS FOXX FRABLE FRACAS FRACTAL FRADKIN FRADY FRAGA FRAGALE FRAGILITY FRAGMENT FRAGMENTARY FRAGMENTED FRAGMENTS FRAGO FRAGOSO FRAGRANCES FRAGRANT FRALIN FRAM FRAMPTON FRAN FRANA FRANC FRANCA FRANCEK FRANCES FRANCESCA FRANCESCO FRANCESCONI FRANCESE FRANCESMARY FRANCIS FRANCISCAN FRANCISCANS FRANCISCO FRANCISO FRANCO FRANCOM FRANCORP FRANCS FRANCY FRANDSEN FRANEK FRANGOS FRANJO FRANK FRANKEL FRANKEN FRANKINO FRANKLAND FRANKLIN FRANKLY FRANKLYN FRANKO FRANKOWSKI FRANKS FRANKSON FRANKUM FRANO FRANS FRANSEN FRANSON FRANTA FRANTIC FRANTOM FRANTZ FRANTZEN FRANYO FRANZ FRANZEL FRANZEN FRANZESE FRANZONE FRANZONI FRAP FRARY FRASCA FRASCO FRATANGELO FRATUS FRAVEL FRAZZINI FRED FREDERIKA FREDIANI FREDIN FREDKIN FREDLUND FREDMAN FREDO FREDRIC FREDRIKSEN FREDRIKSON FREEST FREGIA FREGOSO FREL FRELIMO FRELS FREMD FREMIN FREMITUS FREMONT FRENETIC FRENI FRENKEL FRENTZ FRENZ FRENZEL FRENZY FREON FREONS FREQUENCY FREQUENT FREQUENTED FREQUENTLY FREQUENTS FRERIKA FRESCO FRESENIUS FRESNO FRESQUEZ FRESTON FRET FRETFUL FRETS FRETZ FRIAS FRICANO FRIDA FRIDMAN FRIDOLF FRIDSON FRIEDL FRIGID FRIGO FRIGON FRIL FRINGES FRINK FRIONA FRISA FRISBY FRISCO FRISINA FRISK FRISKIN FRISKY FRISON FRIST FRITO FRITOS FRITS FRITZ FRITZEN FRITZI FRIVOLITY FRO FROG FROGMAN FROGMEN FROGS FROIO FROLIC FROLO FROM FROMAN FROMBUGER FROND FRONDS FRONEK FRONK FRONT FRONTAL FRONTED FRONTERA FRONTS FRONTZ FROST FROSTBAN FROSTED FROSTS FROSTY FROZEN FRUGAL FRUGALITY FRUIN FRUM FRUMKIN FRUMP FRUMPY FRUSEN FRUSTRATED FRY FRYMAN FS FSI FU FUA FUCHS FUDALA FUEL'S FUELED FUENTE FUENTES FUENTEZ FUER FUERST FUGE FUGETT FUGITIVE FUGITIVES FUGITT FUJI FUJIAN FUJII FUJIKAWA FUJIKURA FUJIMORI FUJIMOTO FUJIO FUJIOKA FUJISAWA FUJITA FUJITSU FUJIWARA FUJIYA FUJIYAMA FUKOWOKA FUKUDA FUKUI FUKUMOTO FUKUNAGA FUKUOKA FUKUYAMA FULANI FULCO FULCRUM FULD FULENWIDER FULGENCIO FULGINITI FULK FULKS FULOP FULP FULTON FULTS FULTZ FULVIA FUMBLE FUMBLED FUMBLES FUMBLING FUME FUMED FUMES FUMI FUMIGATE FUMIGATING FUMIGATION FUMING FUN FUNARI FUNARO FUND FUNDAMENTAL FUNDAMENTALIST FUNDAMENTALISTS FUNDAMENTALS FUNDED FUNDORA FUNDS FUNERAL FUNERALS FUNERARY FUNES FUNGAL FUNGI FUNGIBLE FUNGUS FUNK FUNKS FUNKY FUNS FUNSTON FUOCO FUQUA FURER FUREY FURFARO FURINI FURINO FURIOUS FURIOUSLY FURNARI FURNO FURTADO FURUKAWA FURUYA FUSARO FUSCO FUSE FUSED FUSELAGE FUSILLI FUSING FUSION FUSON FUST FUSTAT FUSTOK FUSTON FUTILE FUTON FUTONS FUTRAL FUTRELL FUTURIST FUTURISTIC FUTURISTS G'S G. G.S GA GAB GABA GABALDON GABEL GABELE GABHART GABLE GABLED GABLER GABLES GABON GABOR GABRIEL GABRIELA GABRYS GABY GACEK GACY GAD GADFLY GADOMSKI GADS GADSBY GADSDEN GADSON GAF GAG GAGAN GAGARIN GAGEL GAGEN GAGLIANO GAGLIARDI GAGLIARDO GAGLIO GAGLIONE GAGNON GAGS GAHAGAN GAHAN GAL GALA GALACTIC GALAHAD GALAMBOS GALAN GALANIS GALANOS GALANT GALANTE GALANTI GALAPAGOS GALARZA GALAS GALATAS GALATEA GALATI GALAVIZ GALAXIES GALAXY'S GALBAN GALBO GALEA GALEB GALEBS GALEF GALEN GALENA GALENICAL GALENTINE GALESI GALGANO GALI GALIANO GALICIA GALIK GALILEAN GALILEO GALIN GALINA GALINDO GALINSKI GALINSKY GALIOTO GALITSIN GALKA GALPIN GALS GALT GALTON GALUS GALUSKA GALVAN GALVANIC GALVANIZES GALVEN GALVESTON GALVEZ GALVIN GALYEN GALYON GAMA GAMAL GAMBA GAMBALE GAMBIA GAMBINO GAMBIT GAMBITS GAMBLE GAMBLED GAMBLES GAMBLIN GAMBLING GAMBOA GAMBREL GAMBRO GAMCO GAMEL GAMELIN GAMEST GAMET GAMETANGIA GAMEZ GAMINO GAMONS GAMP GAMUT GAN GANAS GANCARZ GANCI GANDA GANDALF GANDARA GANDOLFI GANDOLFO GANDY GANEM GANGEMI GANGES GANGI GANGLIA GANGLIONIC GANIC GANIM GANIS GANO GANS GANSEN GANSON GANT GANTLET GANTOS GANTRY GANTZ GANUS GANZ GANZEL GAONA GAP GAPINSKI GAPS GAR GARA GARABEDIAN GARAFALO GARAFOLA GARAMENDI GARAND GARANT GARAVAGLIA GARB GARBARINI GARBARINO GARBLE GARBLED GARBLES GARBO GARCES GARCIA GARCIAS GARD GARDA GARDEA GARDEN GARDENA GARDENAMERICA GARDENIA GARDENIAS GARDENS GARDIN GARDINI GARDOLIN GARDUNO GARED GARFINKEL GARFINKLE GARFUNKEL GARG GARGAN GARGANO GARGANTUAN GARGES GARGIS GARGUILO GARGUS GARI GARIBALDI GARIN GARIS GARITY GARL GARLAN GARLAND GARLIC GARLITZ GARMAN GARMENT GARMENTS GARMON GARMOND GARMS GARMUND GARN GARNET GARNICA GARNO GARO GAROFALO GAROFANO GAROFOLO GAROLS GARON GARP GARPS GARS GARSON GARST GARSTEN GARSTIN GARSTKA GARSTON GARTEN GARTIN GARTLAND GARTMAN GARTON GARUDA GARVIN GARWIN GARY GARZA GARZON GAS GAS'S GASCA GASCON GASCONS GASES GASIFY GASIOROWSKI GASKA GASKAMP GASKET GASKETS GASKIN GASKINS GASOHOL GASP GASPARA GASPARD GASPARI GASPARINI GASPE GASPS GAST GASTILUM GASTON GASTONIA GASTRIC GASTRITIS GASTRO GASTROINTESTINAL GASTRONOMIC GASTRONOMY GASTROVASCULAR GAT GATED GATIEN GATLIN GATOS GATSBY GATSON GATZ GATZA GAVALDA GAVAN GAVEL GAVEN GAVIGAN GAVIN GAVIOTAS GAVIRIA GAVLAK GAVRAS GAVRAS'S GAWRONSKI GAZ GAZA GAZANS GAZDA GAZDIK GAZES GAZETA GAZONSKY GAZPROM GAZZOLA GDANSK GEAGEA GEARBOX GEARBOXES GEBEL GEBHART GEBLER GEBO GED GEDEON GEDULD GEHLE GEKAS GEL GELARDI GELARDIN GELASIA GELATIN GELB GELBARD GELBART GELCO GELFAND GELINAS GELMAN GELPI GELS GELTZ GELVIN GEM GEMCO GEMCRAFT GEMFIBROZIL GEMIGNANI GEMINA GEMINI GEMS GEMSBOK GEN GENA GENADY GENCO GENCOR GENCORP GENDRON GENEALOGY GENEGO GENELAB GENELABS GENENCOR GENERALES GENERIC GENERICS GENESCO GENESIS GENET GENETIC GENETICIST GENETICISTS GENETICS GENEVA GENIAL GENIALITY GENICOM GENIS GENISCO GENITAL GENITALIA GENITALS GENIUS GENIUSES GENK GENMAR GENO GENOA GENOCIDAL GENOVA GENOVESI GENRAD GENRE GENRES GENS GENSEL GENSIA GENSLER GENSON GENSTAR GENT GENTILITY GENTLE GENTLEMAN GENTLEMANLY GENTLEMEN GENTLES GENTLEWOMAN GENTLEWOMEN GENTLY GENTRIFY GENTRY GENTZ GENUS GENZ GEO GEOCENTRIC GEODESIC GEODESY GEOLOGIC GEOLOGICAL GEOLOGIST GEOLOGISTS GEOLOGY GEOMAGNETIC GEOMETRIC GEOMETRICAL GEOMETRICS GEOMETRY GEON GEOPOLITIC GEOPOLITICAL GEOPOLITICS GEORG GEORGI GEOTEK GEOTROPIC GEPHART GERA GERALD GERALDI GERALDS GERAN GERE GEREN GERETY GERI GERIATRIC GERIATRICS GERIG GERO GEROLD GERON GERONIMO GERONTOLOGIST GERONTOLOGY GERY GESCO GESERUM GEST GESTAL GESTAPO GESUALDI GET GETMAN GETS GETULIO GETZ GEVA GHULAM GIACONDA GIACONE GIAN GIANCARLO GIANT GIANTS GIAP GIARD GIARDI GIB GIBAS GIBIAN GIBLEN GIBLER GIBLET GIBLIN GIBRAN GIBSON GIBSONS GIDEL GIDEON GIDWITZ GIFT GIFTED GIFTRUST GIFTS GIG GIGAFLOP GIGAFLOPS GIGANTE GIGANTIC GIGGLY GIGI GIGLIA GIGLIO GIGNAC GIGOLO GIGOT GIGS GIKAS GIL GILA GILARDI GILB GILBERTA GILBERTI GILBERTO GILBO GILBY GILCREST GILD GILDA GILDEA GILDED GILDEN GILDON GILGIT GILHAM GILKESON GILKISON GILKISONS GILMAN GILMARTIN GILPIN GILSDORF GILSON GILSTRAP GILT GILTS GILVIN GILYARD GIMBEL GIMENEZ GIMLET GIMLI GIMLIN GIMPEL GIN GINA GINAS GINDIN GINEVRA GINGLES GINGOLD GINGRAS GINO GINSU GINTEL GINTY GINTZ GINYARD GINZA GIONET GIPSON GIRALDO GIRARDI GIRARDIN GIREN GIRGENTI GIRIJA GIROBANK GIROIR GIROLAMO GIROLDI GIRON GISCARD GISELA GISI GISLER GISMONDI GIST GISU GITANA GITANO GITLIN GIVAN GIVEN GIVENS GIVENS'S GIVHAN GIVINS GIZA GIZMO GIZMOS GIZZI GLAB GLACIATED GLACIS GLAD GLADIOLUS GLADIS GLADJE GLADLY GLADMAN GLADSON GLADU GLADWIN GLADYS GLANCES GLANCY GLAND GLANDON GLANDS GLANTON GLANTZ GLANZ GLANZMAN GLARIS GLAS GLASBY GLASCO GLASNOST GLASPY GLATZ GLAVAN GLAVIN GLAXO'S GLAZA GLAZES GLAZUNOV GLEBA GLEDA GLEMP GLEN GLENDA GLENDON GLENFED GLENHAM GLENORA GLENS GLIB GLIBLY GLIDED GLIMPSES GLINKA GLINSKI GLINT GLITZ GLITZY GLO GLOB GLOBAL GLOBALSTAR GLOBCOM GLOBO GLOBS GLOBULAR GLOBUS GLOD GLODOWSKI GLOGOWSKI GLOMAR GLOMSKI GLOP GLOR GLORI GLORIA GLORIANA GLORIFY GLORIOSO GLORY GLOTFELTY GLOWACKI GLUM GLUMLY GLUNT GLUNTZ GLUNZ GLUSKIN GLUT GLUTAMIC GLUTARIC GLUTEN GLUTS GLYCEL GLYCEMIC GLYCOGEN GLYCOL GLYCOLIC GLYN GLYNIS GNOSTICISM GO GOA GOB GOBEL GOBEN GOBI GOBIN GOBINOT GOBLE GOBLET GOBLIN GOBLINS GOBS GOD GODA GODAR GODARD GODART GODBOLD GODBOLT GODBY GODDAM GODEK GODIN GODINA GODINEZ GODINO GODIVA GODKIN GODLESKI GODLEWSKI GODLY GODMAN GODS GODSEND GODSENDS GODUNOV GODWIN GOEAS GOEMON GOGA GOGAN GOGEL GOGLIA GOGO GOGUEN GOKSEL GOLA GOLAB GOLAN GOLAND GOLAS GOLBA GOLCONDA GOLD GOLDA GOLDBLUM GOLDCOR GOLDCREST GOLDEN GOLDENROD GOLDENSON GOLDEST GOLDFARB GOLDFUS GOLDIN GOLDMAN GOLDMANS GOLDMARK GOLDS GOLDSBY GOLDSON GOLDSTAR GOLDSTON GOLDWIN GOLDWYN GOLDY GOLEC GOLEM GOLEMBESKI GOLEMBIEWSKI GOLEN GOLF GOLFARB GOLFMAN GOLFS GOLGI GOLGO GOLINSKI GOLISANO GOLKAR GOLOB GOLOMBEK GOLONKA GOLOVEN GOLSON GOLSTON GOLTZ GOLUB GOLUBSKI GOLZ GOMA GOMBAR GOMBOS GOMES GOMEZ GONAD GONADS GONCALVES GOND GONDA GONDEK GONDOLA GONDOLAS GONDWANA GONDWANALAND GONET GONGORA GONIA GONIUM GONSALEZ GONSALVES GONYA GONYO GONZALES GONZALEZ GONZALEZ'S GONZALO GONZO GOPAC GOPAL GOPI GORA GORADZE GORAL GORAN GORANSON GORAZDE GORBY GORDA GORDAN GORDANA GORDEN GORDIAN GORDIN GORDON GORDY GORECKI GOREN GORENFLO GORGAS GORGES GORGETS GORGON GORGONIAN GORGONS GORGUZE GORI GORIA GORIN GORIS GORKA GORKI GORKY GORMAN GORMLY GORNIAK GORNIK GORNTO GORNY GOROSPE GORSKI GORSKY GORT GORTARI GORTON GORUM GORY GOSA GOSBANK GOSDIN GOSLIN GOSMAN GOSORNSTEM GOSPEL GOSPELS GOSPLAN GOSTEV GOSTOMSKI GOT GOTO GOTWALT GOTZ GOUVEA GOV GOVAN GOVEA GOVONI GOVS GOZA GOZO GOZOFSKY GRAB GRABEL GRABEN GRABENS GRABINSKI GRABLE GRABOSKI GRABOWSKI GRABS GRABSKI GRACES GRACI GRACIANO GRACO GRACY GRAD GRADCO GRADED GRADEL GRADEN GRADIENT GRADIENTS GRADISON GRADO GRADOV GRADOVS GRADS GRADUAL GRADUATE GRADUATED GRADUATES GRADUATING GRADUS GRADY GRAF GRAFT GRAFTED GRAFTON GRAFTS GRAHEK GRAM GRAMA GRAMS GRAMZA GRAN GRANA GRANADA GRANADO GRANADOS GRANAHAN GRANAT GRANATA GRANATO GRAND GRANDA GRANDAD GRANDBABY GRANDEST GRANDI GRANDILOQUENT GRANDIN GRANDIS GRANDISON GRANDKID GRANDKIDS GRANDLY GRANDMAS GRANDMET GRANDON GRANDPA GRANDPARENT GRANDPARENTS GRANDPRE GRANDS GRANDSON GRANDSONS GRANDSTAND GRANDUNCLE GRANDUNCLES GRANDY GRANGES GRANHOLM GRANITIC GRANITO GRANLUND GRANO GRANOLA GRANQUIST GRANSTROM GRANT GRANTED GRANTLAND GRANTS GRANTZ GRANULAR GRANULATION GRANULE GRANULES GRANUM GRAS GRASP GRASPS GRASSL GRASTY GRATA GRATED GRATIFY GRATIS GRATUITY GRATZ GRAVANO GRAVEL GRAVEN GRAVEST GRAVIMETRIC GRAVINA GRAVINO GRAVITAS GRAVITATED GRAVITY GRAVLIN GRAVY GRAZIANI GRBAVICA GREB GRECO GREDEL GREG GREGA GREGO GREGORI GREGORIA GREGORIAN GREGORIO GREGSON GREGSTON GREGUS GREMBAN GREMLIN GREMLINS GREN GRENADA GRENDA GRENDEL GRENOBLE GRENON GRENZ GRESKO GRETA GRETAL GRETEL GRETNA GRETZ GRETZKY GRID GRIDS GRIESA GRIEST GRIGAS GRIGNON GRIGOLI GRIGORYANT GRIGORYANTS GRIGSBY GRIJALVA GRIM GRIMA GRIMACES GRIMALDI GRIMALDO GRIMLY GRIMSTAD GRIMY GRIN GRINALD GRINALDS GRIND GRINDLE GRINDROD GRINDS GRINGO GRINGOS GRINS GRIP GRIPS GRISANTI GRISBY GRISCOM GRISLY GRISMER GRIST GRISWOLD GRIT GRITS GRITZ GRIVAS GRIZ GRIZELDA GRO GROB GROBEN GROBIAN GRODEN GRODIN GRODSKY GROFT GROG GROGAN GROM GROMA GROMAN GROMEK GROMYKO GRONDIN GRONLUND GRONOWSKI GRONSKI GROS GROSKOPF GROTON GROTZ GROULX GROVEL GROZNY GRUA GRUB GRUBA GRUBEN GRUBEROVA GRUBMAN GRUBS GRUEL GRUET GRUIS GRUM GRUMBLE GRUMBLED GRUMBLES GRUMBLING GRUMBLINGS GRUMP GRUMPY GRUN GRUND GRUNDEN GRUNDFEST GRUNDIG GRUNDMAN GRUNDSTROM GRUNDY GRUNEWALD GRUNGY GRUNION GRUNT GRUNTAL GRUNTED GRUNTS GRUNWALD GRUPO GRUTMAN GRUZA GRZELAK GRZESIAK GRZYB GRZYWINSKI GSELL GTECH GU GUACAMOLE GUADALAJARA GUADALCANAL GUAGLIARDO GUAJARDO GUAM GUANACO GUANO GUANTANAMO GUARANI GUARDIA GUARIN GUATEMALA GUATEMALAN GUATEMALANS GUAVA GUAVAS GUBA GUBA'S GUBER GUCWA GUDE GUDINO GUDMUNDSON GUE GUGEL GUGINO GUGLIELMI GUGLIELMO GUGLIUZZA GUIDO GUIDROZ GUILLERMO GUINAN GUINTA GUINTO GUION GUIZAR GUJARAT GUL GULBRANDSEN GULBRANDSON GULBRANSEN GULBRANSON GULDIN GULF GULFPORT GULFS GULICK GULINO GULP GULPS GULYAS GUM GUMBEL GUMBI GUMBO GUMI GUMINA GUMP GUMPORT GUMS GUMZ GUN GUNADI GUNATILAKE GUNBY GUNDEL GUNDLE GUNDOG GUNDRUM GUNDRY GUNDY GUNFLINT GUNHILDA GUNIA GUNKEL GUNMAN GUNMEN GUNS GUNSALUS GUNST GUNTY GUPTA GUPTON GURA GUREVICH GURU GURUS GUS GUSE GUSELLA GUSINSKY GUSKY GUSLAN GUSLER GUSMAN GUST GUSTAF GUSTAFSON GUSTAV GUSTAVA GUSTAVE GUSTAVESON GUSTAVO GUSTAVSON GUSTAVUS GUSTED GUSTIN GUSTO GUSTON GUSTS GUSTUS GUSTY GUT GUTEKUNST GUTERMAN GUTFELD GUTKOWSKI GUTMAN GUTOWSKI GUTS GUTSY GUTWAKS GUTZMAN GUZEK GUZMAN GUZOWSKI GUZZARDO GUZZI GWEN GWENDA GWENDOLYN GWIN GWIZDALA GWOZDZ GWYN GYM GYMNASIA GYMNASIUM GYMNASIUMS GYMNAST GYMNASTIC GYMNASTICS GYMNASTS GYMS GYN GYNECOLOGIC GYNECOLOGICAL GYNECOLOGIST GYNECOLOGISTS GYNECOLOGY GYP GYPSUM GYPSY GYR GYRATED GYRO GYROPILOT GYROS GYROSCOPIC GYUHAMA H. H.'S HA HABEAS HABEL HABIB HABIBI HABIG HABIT HABITABLE HABITAT HABITATS HABITS HABITUAL HABLE HABS HABY HACIENDA HACKL HAD HADA HADAD HADEN HADES HADID HADLER HADN'T HADNOT HADRIA HADRIAN HADRON HADSON HADWIN HAFEN HAFEZ HAFIF HAFNIA HAFNIUM HAFT HAFTA HAFTS HAG HAGA HAGADORN HAGAMAN HAGAN HAGANS HAGAR HAGARTY HAGEL HAGELIN HAGEN HAGENS HAGIN HAGINS HAGIWARA HAGLE HAGLUND HAGMAN HAGOPIAN HAGSTROM HAGY HAIST HAJDU HAJIME HAKALA HAKAN HAKANSON HAKIM HAKON HAKUHODO HAL HALAMA HALAS HALBIG HALCION HALCYON HALD HALDAN HALDANA HALDEN HALEN HALEVI HALFDAN HALGREN HALIBUT HALIFA HALIK HALIMA HALIMEDA HALKO HALMI HALMOS HALMSTAD HALO HALOGEN HALOGENATED HALON HALOS HALPIN HALPRIN HALSTED HALSTON HALT HALTED HALTOM HALTON HALTS HALUSKA HALVORSEN HAM HAMA HAMAD HAMADA HAMADI HAMAL HAMAMOTO HAMAN HAMANAKA HAMAR HAMAS HAMASAKI HAMBELTON HAMBLET HAMBLETON HAMBLIN HAMBLY HAMBRO HAMBROS HAMBY HAMDAN HAMDUN HAMEL HAMELIN HAMID HAMIL HAMILTON HAMILTONS HAMITIC HAMLER HAMLET HAMLETS HAMLIN HAMON HAMP HAMPEL HAMPLE HAMPSON HAMPTON HAMPTONS HAMRIC HAMS HAMSON HAMSTRA HAMTRAMCK HAN HANA HANAFIN HANAGAN HANAHAN HANAK HANAN HANAS HANAWALT HANBO HANBURY HANBY HAND HANDA HANDBAG HANDBAGS HANDCLASP HANDCRAFT HANDCRAFTED HANDCRAFTS HANDED HANDEDLY HANDEL HANDELAND HANDELMAN HANDELS HANDELSBANK HANDELSBANKEN HANDELSMAN HANDFUL HANDFULS HANDGUN HANDGUNS HANDHELD HANDHOLD HANDICAP HANDICAPS HANDICRAFT HANDICRAFTS HANDIEST HANDILY HANDKE HANDLE HANDLEBAR HANDLEBARS HANDLED HANDLES HANDLIN HANDLON HANDLY HANDROS HANDS HANDSET HANDSETS HANDSTAND HANDSTANDS HANDWOVEN HANDY HANDYMAN HANDYMEN HANEDA HANEL HANF HANFT HANGUL HANGUP HANGUPS HANI HANIFEN HANIFIN HANIGAN HANJIN HANK HANKEL HANKEN HANKIN HANKINS HANKINSON HANKLA HANKO HANKS HANKY HANLIN HANLON HANLY HANO HANOLD HANOVERIAN HANRAHAN HANS HANSA HANSBURY HANSCOM HANSEATIC HANSEL HANSELMAN HANSEN HANSMA HANSMAN HANSOM HANSON HANTA HANTAVIRUS HANTEN HANTMAN HANTZ HANUS HANWA HANY HANZEL HANZLIK HAP HAPAG HAPKE HAQ HAR HARA HARADA HARADIM HARAHAN HARALD HARALDA HARALSON HARAN HARB HARBESON HARBIN HARBINSON HARBISON HARBOLD HARBORY HARC HARCUM HARD HARDART HARDEN HARDENS HARDEST HARDESTY HARDIEST HARDIMAN HARDIMON HARDIN HARDISON HARDISTY HARDLY HARDMAN HARDS HARDWIN HARDY HARDYMON HARELSON HAREM HAREN HARGADON HARGAN HARGARTEN HARGENS HARGIS HARGUS HARI HARIG HARIMA HARIS HARITOS HARIZ HARJO HARJU HARK HARKAVY HARKEN HARKIN HARKINS HARKS HARL HARLAN HARLAND HARLE HARLEM HARLEMAN HARLEQUIN HARLIN HARLISON HARLOT HARM HARMAN HARMATA HARMEL HARMEN HARMETZ HARMFUL HARMISON HARMON HARMONIA HARMONIC HARMONICA HARMONICS HARMONIUM HARMONIZES HARMONY HARMS HARMSEN HARN HARNDEN HARO HAROLD HAROLDSON HARP HARPEL HARPIN HARPIST HARPISTS HARPO HARPOLD HARPS HARPST HARQUEBUS HARSCO HARSTAD HARSTON HART HARTEL HARTEN HARTIG HARTIGAN HARTIN HARTIS HARTJE HARTKE HARTLAND HARTLE HARTMAN HARTOG HARTON HARTRANFT HARTS HARTSHORN HARTSON HARTWIG HARTY HARTZ HARTZEL HARTZOG HARUO HARV HARVEL HARVEST HARVESTABLE HARVESTED HARVESTS HARVIN HARVISON HARYANA HAS HASAN HASBRO HASEGAWA HASEK HASELDEN HASELHORST HASELTON HASENFUS HASIDIC HASIDIM HASKEW HASKIN HASKINS HASLAM HASLER HASMAN HASN'T HASO HASPEL HAST HASTA HASTILY HASTON HASTY HAT HATA HATALA HATED HATEM HATLER HATLESTAD HATON HATRED HATREDS HATS HATZ HAVANA HAVAS HAVEL HAVELKA HAVEN HAVENS HAVILAND HAVINS HAVIS HAVLICEK HAVLIK HAVLIN HAVOC HAVRAN HAVRANEK HAVRON HAYDN HAZAN HAZEL HAZELIP HAZELNUT HAZELNUTS HAZELTON HAZEN HAZLE HAZLETON HAZY HE HEACOX HEBDA HEBEL HEBRIDES HEBRON HECKUVA HECLA HECTIC HEDA HEDI HEDIN HEDLUND HEDMAN HEDONIC HEDONISTIC HEDQUIST HEDSTROM HEDWIG HEDWIGA HEDY HEFLIN HEFT HEFTI HEFTIEST HEFTY HEGADORN HEGARTY HEGEDUS HEGEL HEGELIAN HEGEMONIC HEGEMONY HEGLAND HEGLUND HEGNA HEGSTROM HEGYI HEHIR HEIGL HEINDL HEINL HEINLEN HEJL HEJNA HEKMATYAR HELABA HELBIG HELBLING HELD HELDENBRAND HELDMAN HELDS HELEN HELENA HELENS HELF HELFAND HELFMAN HELGA HELGESEN HELGESON HELGET HELGREN HELICAL HELICON HELICONS HELIN HELINSKI HELIONETIC HELIONETICS HELIOPOLIS HELIOS HELIUM HELLENISM HELM HELMA HELMAN HELMET HELMETED HELMETS HELMIG HELMINIAK HELMINSKI HELMKAMP HELMONT HELMS HELMS'S HELMSMAN HELMUT HELOT HELOTRY HELOTS HELP HELPFUL HELPRIN HELPS HELSEL HELSINKI HELSTROM HELT HELTON HELTZEL HELWIG HEM HEMAN HEMANI HEMANT HEMATOLOGY HEMBY HEMEL HEMIPLEGIA HEMLO HEMO HEMOCYANIN HEMODYNAMIC HEMODYNAMICS HEMOGLOBIN HEMOLYTIC HEMOND HEMOTEC HEMP HEMPEL HEMPEN HEMPFLING HEMRIC HEMRY HEMS HEMY HEN HENDEL HENDON HENDRA HENDREN HENDRIK HENDRIKS HENDRIKSEN HENDRIXSON HENDRON HENDRY HENDY HENEHAN HENGEL HENGST HENIGAN HENIN HENION HENK HENKEL HENKELMAN HENKELS HENKEN HENKIN HENKLE HENLE HENLY HENMAN HENRI HENRIK HENRIKA HENRIKSEN HENRIKSON HENRY HENS HENSEL HENSEN HENSIL HENSKE HENSLER HENSON HENTGES HENTIC HENTON HENTZ HENZEL HEON HEOROICO HEP HEPATIC HEPATITIS HERA HERALD HERALDED HERALDIC HERALDRY HERALDS HERCEGOVINA'S HERCULEAN HERCULES HERDA HERDAL HERESY HERETIC 