'M 'N 'S A AB ABABA ABACO ABACUS ABAD ABADAKA ABADI ABALKIN ABALONE ABALOS ABANDON ABANDONMENT ABANDONMENTS ABANDONS ABANTO ABARCA ABARE ABASCAL ABASIA ABATED ABCO ABCOTEK ABDEL ABDICATED ABDO ABDOMEN ABDOMINAL ABDUCT ABDUCTED ABDUCTS ABDUL ABDULAZIZ ABED ABEDI ABEL ABELA ABELN ABELS ABELSON ABEND ABET ABHOR ABHORS ABIAM ABID ABIDED ABILA ABILITY ABIO ABIOLA ABIOMED ABITIBI ABITZ ABJECT ABLE ABLED ABLER ABLES ABLEST ABLY ABNORMAL ABNORMALITY ABO ABOHALIMA ABOLITIONISM ABOMINABLE ABOR ABORN ABORT ABORTED ABORTS ABPLANALP ABRA ABRACADABRA ABRAHAM ABRAHAMIAN ABRAHAMS ABRAHAMSEN ABRAHAMSON ABRAM ABRAMO ABRAMOVITZ ABRAMOWITZ ABRAMS ABRAMS'S ABRAMSON ABRAXA'S ABREGO ABRIL ABROGATED ABROL ABRON ABRUPT ABRUPTLY ABRUTYN ABRUZZESE ABSALOM ABSARAKA ABSCAM ABSCOND ABSCONDED ABSCONDS ABSECON ABSENCES ABSENT ABSENTEEISM ABSO ABSOLOM ABSOLUT ABSOLUTIST ABSORB ABSORBENCY ABSORBENT ABSORBS ABSTINENT ABSTON ABSTRACT ABSTRACTED ABSTRACTS ABT ABTS ABU ABUNDANT ABUNDANTLY ABURTO ABUSE ABUSED ABUSER ABUSERS ABUSING ABUSIVE ABUT ABUTS ABYSMAL ABZUG ACA ACADEMIA ACADEMIC ACADEMICS ACADEMY ACADIA ACAMPO ACAMPSIA ACAPULCO ACCEDED ACCEL ACCENT ACCENTED ACCENTS ACCENTUATING ACCEPT ACCEPTABILITY ACCEPTABLE ACCEPTABLY ACCEPTANCES ACCEPTED ACCEPTS ACCIDENT ACCIDENTAL ACCIDENTLY ACCIDENTS ACCU ACCUMULATE ACCUMULATES ACCUMULATING ACCUMULATION ACCUMULATIONS ACCUMULATIVE ACCUMULATIVELY ACCUMULATOR ACCUMULATORS ACCUSATORY ACCUSES ACERBIC ACERO ACES ACETIC ACETO ACEVEDO ACEVES ACID ACIDIC ACIDIFY ACIDITY ACIDLY ACIDOSIS ACIDS ACIDURIA ACMAT ACME ACNE ACOG ACORD ACORDIA ACORN ACORNS ACOSTA ACRI ACRID ACRIMONY ACRO ACROBAT ACROBATIC ACROBATICS ACROBATS ACRONYM ACRONYMS ACROPOLIS ACRYLIC ACRYLICS ACT ACTAVA ACTAVAS ACTED ACTEL ACTIN ACTINIDIA ACTINOMYCOSIS ACTIVATED ACTIVIST ACTIVISTS ACTIVITY ACTMEDIA ACTON ACTS ACTUALITY ACTUARIAL ACTUARY ACTUATOR ACTUATORS ACTUS ACUNA ACURA ACURAS ACUTE ACUTELY ACYCLOVIR AD ADA ADABEL ADAGIO ADAK ADALIA ADAM ADAMANT ADAMANTLY ADAMCIK ADAME ADAMEC ADAMEK ADAMI ADAMIK ADAMINA ADAMKUS ADAMO ADAMS ADAMS'S ADAMSKI ADAMSON ADAN ADAPSO ADAPT ADAPTABILITY ADAPTABLE ADAPTEC ADAPTED ADAPTS ADAR ADARAND ADAS ADAZA ADEL ADELA ADELANTO ADELMAN ADELSON ADEN ADENA ADENOSCAN ADENOVIRUS ADEPT ADEQUACY ADHAM ADHERENT ADHERENTS ADIA ADID ADIDAS ADIDAS'S ADIN ADINA ADINE ADINOLFI ADIOS ADISQ ADJANI ADKINS ADKINSON ADKISON ADL-TABATABA ADLAI ADLON ADMAN ADMEN ADMIRA ADMIT ADMITS ADNAN ADO ADOBE ADOLF ADOLFO ADON ADONIA ADONIS ADOPT ADOPTABLE ADOPTED ADOPTS ADOR ADORA ADORABLE ADORN ADORNA ADORNMENT ADORNO ADORNS ADRA ADRAGNA ADRDA ADREA ADRENAL ADRENALIN ADRIA ADRIAN ADRIANA ADRIANO ADRIATIC ADRIFT ADS ADSIT ADSTAR ADTEC ADULT ADULTS ADVANCES ADVANI ADVANTA ADVANTAGES ADVANTEST ADVENT ADVENTIST ADVENTISTS ADVENTURISM ADVEST ADVIL ADVISABILITY ADVISABLE ADVISEDLY ADVISES ADVO ADVOCACY ADVOCATED ADY ADZ AEROMEXICO AFANASYEV AFAR AFFIX AFFIXES AFFYMAX AFICIONADO AFMED AFONSO AFRICA AFRICAN AFRICANIST AFRICANS AFRIDI AFRO AFROAMERICAN AFROAMERICANS AFROCENTRIC AFSANE AFT AFTERTAX AFULA AG AGA AGAMEMNON AGAN AGANA AGANBEGYAN AGANS AGARWAL AGASP AGAWAM AGCO AGEMATSU AGENCY AGENDA AGENDAS AGENT AGENTS AGERATUM AGERATUMS AGES AGFA AGILDO AGILIS AGILITY AGIN AGINS AGIP AGITATED AGITPROP AGIUS AGLO AGNA AGNE AGNES AGNETA AGNICO AGNOS AGNOSIO AGNOSTIC AGNOSTICS AGO AGOG AGOGLIA AGONIST AGONISTS AGONIZES AGONY AGOSTA AGOSTINI AGOSTINO AGOSTO AGRA AGRARIAN AGRAWAL AGREGABLE AGRESTA AGRESTI AGRI AGRIBANK AGRICO AGRICOLA AGRIFUEL AGRIFUELS AGRIGENETICS AGRO AGRONOMIST AGRONOMISTS AGROSIAND AGRUSA AGUA AGUADO AGUANGA AGUASCALIENTES AGUDELO AGUILA AGUILERA AGUILO AGUINAGA AGUSTIN AHA AHAB AHART AHO AHOLA AHOLD AHOLDS AHONEN AHUJA AHUMADA AIDA AISA AITON AIX AJAJ AJAJ'S AJAMI AJAR AJINOMOTO AJITO AKA AKAKA AKALI AKANA AKAO AKEBONO AKEL AKEN AKENS AKI AKIBA AKIHITO AKIKO AKIMBO AKIN AKINS AKIO AKIRA AKITA AKIVA AKIYAMA AKRON AKSAMIT AKST AKYANAMA AKZO AKZOS AL ALA ALABAMA ALABAMAN ALABAMANS ALACRITY ALAFI ALAGEM ALAGNA ALAM ALAMCO ALAMEDA ALAMITO ALAMITOS ALAMO ALAMOS ALAMOSA ALAN ALANA ALANCO ALAND ALANIS ALANIZ ALAR ALARCON ALARD ALARICA ALARID ALARM ALARMIST ALARMISTS ALARMS ALARON ALAS ALASKA ALASKAMEN ALASKAN ALASKANS ALATAS ALBA ALBAN ALBANESE ALBANI ALBANIA ALBANIAN ALBANIANS ALBANK ALBANO ALBANS ALBANY ALBARADO ALBEA ALBEIT ALBEN ALBENDAZOLE ALBERGO ALBERTI ALBIN ALBINA ALBINI ALBINIA ALBINO ALBION ALBIRIC ALBO ALBRO ALBUKHARI ALBUM ALBUMS ALBURY ALBUS ALBUTEROL ALCALA ALCAN ALCANTARA ALCARAZ ALCASA ALCATEL ALCATRAZ ALCAZAR ALCIDS ALCINA ALCO ALCOA ALCOHOL ALCOHOLIC ALCOHOLICS ALCON ALCORN ALCORTA ALDA ALDACO ALDAMA ALDANA ALDAPE ALDEN ALDI ALDICARB ALDILA ALDIN ALDIS ALDO ALDORA ALDRIC ALDRIN ALDUS ALDUS'S ALDWIN ALDWYN ALDYS ALEATORY ALEC ALEDA ALEDO ALEGRE ALEGRIA ALEJANDRE ALEJANDRO ALEJO ALEJOS ALEKSANDR ALEM ALENA ALENDRIN ALENIA ALEO ALERIA ALERON ALESI ALETA ALEXANDER ALEXANDERS ALEXANDRE ALEXANDRINE ALEXANDRINES ALEXEI ALEXI'S ALEXINE ALEXOPOULOS ALEXS ALF ALFA ALFALFA ALFANO ALFAREDA ALFARO ALFIERO ALFIN ALFONO ALFONS ALFONSIN ALFONSINE ALFONSO ALFONZO ALFRED ALFREDO ALFREDSON ALGAL ALGAR ALGATA ALGEBRA ALGEBRAIC ALGEO ALGERIA ALGERIAN ALGERIANS ALGOL ALGOM ALGOMA ALGONQUIN ALGUIRE ALGY ALHAMBRA ALI ALIANO ALIANZA ALIAS ALIASES ALIBERTI ALIBI ALIBIS ALIBRANDI ALICEA ALICES ALIDA ALIEN ALIENATED ALIENS ALIG ALIHAN ALIJA ALIMA ALIMONY ALINA ALIOTO ALIRE ALIRIO ALISA ALISKY ALISON ALITA ALITALIA ALITO ALIZAC ALKA ALKAHEST ALKALI ALKALINITY ALKEMA ALLENDER ALM ALMA ALMADA ALMADANI ALMADEN ALMAGUER ALMAL ALMAN ALMANAC ALMAND ALMANZA ALMANZAR ALMARAZ ALMAS ALMASY ALMAZAN ALMEDA ALMELUND ALMENDAREZ ALMGREN ALMIRA ALMO ALMODOVAR ALMON ALMONDS ALMONTE ALMOS ALMOST ALMQUIST ALMS ALMYS ALOFT ALOHA ALOIA ALOKA ALOMAR ALON ALONGI ALONI ALONSO ALONZA ALONZO ALOT ALPA ALPACA ALPIN ALPIREZ ALPO ALPS ALQUIST ALRED ALROSA ALS ALSBURY ALSDORF ALSIP ALSO ALSOP ALSTON ALSUP ALT ALTA ALTADENA ALTAIC ALTAMIRA ALTAMIRANO ALTAMONT ALTAMURO ALTAVISTA ALTEMUS ALTENHOFEN ALTEON ALTERA ALTFEST ALTIMA ALTIMETRY ALTIMORANO ALTIPLANO ALTLAND ALTMAN ALTO ALTOM ALTOMARE ALTON ALTOS ALTRA ALTRON ALTRUISTIC ALTURAS ALTUS ALU ALUM ALUMINA ALUMINIO ALUMINUM ALUMNA ALUMNI ALUMNUS ALUMS ALUN ALURA ALVA ALVAN ALVARDO ALVARENGA ALVARES ALVARO ALVEOLI ALVEREZ ALVERO ALVES ALVIDREZ ALVIN ALVINA ALVINO ALVIS ALVITA ALVORD ALWIN ALWYN ALY ALYESKA ALYS ALYSIA ALZA ALZADO ALZENA ALZONA AM AMABEL AMADEA AMADEO AMADEUS AMADO AMADON AMADOR AMAL AMALEA AMALFITANO AMALGAM AMALGAMATED AMALGAMS AMALIA AMALYA AMAN AMANA AMANDA AMANDAS AMANO AMANTE AMAR AMARA AMARAL AMARANTE AMARGOSA AMARI AMARO AMASA AMASON AMATI AMATIL AMATO AMAYA AMAZES AMAZON AMAZONIA AMAZONIAN AMAZONIANS AMAZONS AMBAC AMBIDEXTROUS AMBIENT AMBIGUITIES AMBIGUOUS AMBIVALENT AMBLE AMBLED AMBLES AMBLIN AMBLING AMBORN AMBRA AMBRIANO AMBRIT AMBRIZ AMBROGIO AMBROSIANO AMBROSINE AMBROSINI AMBROSINO AMBROSIO AMBROSIUS AMBULANCE AMCA AMCAST AMCOR AMDEC AMDEK AMDURA AMEDCO AMELIA AMELINDA AMELINE AMELIO AMELITA AMEN AMENABLE AMENACES AMEND AMENDABLE AMENDED AMENDMENT AMENDMENTS AMENDOLA AMENDS AMENITY AMENT AMENTA AMERADA AMERCO AMERI AMERIBANC AMERICA AMERICAN AMERICANA AMERICANAS AMERICANO AMERICANOS AMERICANS AMERICAR AMERICAS AMERICOLD AMERICUS AMERIDATA AMERIGAS AMERIHOST AMERIKA AMERITRUST AMERO AMETEK AMEV AMEXCO'S AMEZQUITA AMFAC AMFESCO AMGEN AMI AMIABILITY AMIABLE AMIABLY AMICABLE AMICABLY AMICO AMICUS AMID AMIDI AMIDON AMIDST AMIGA AMIGO AMIGOS AMILIA AMIN AMINO AMINTA AMIOT AMIR AMIRAN AMIRAV AMIRI AMIS AMISON AMISTAD AMIT AMITY AMNESIAC AMNESTY AMNIO AMNIOCENTESIS AMNIOTIC AMO AMOCO AMOK AMON AMORAL AMORITA AMOROSI AMOROSO AMOS AMOS'S AMOXICILLIN AMP AMPAD AMPAL AMPATO AMPCO AMPLE AMPLICONS AMPLIFY AMPLIGEN AMPLY AMPOL AMPUTATE AMPUTATION AMPUTATIONS AMPUTEE AMPUTEES AMR AMRE AMREP AMRO AMS AMSCO AMSDEN AMSTAR AMSTRAD AMSTUTZ AMTRAK AMUNDSEN AMUNDSON AMUSE AMUSED AMUSEMENT AMUSEMENTS AMUSING AMUSINGLY AMVEST AMY AMYGDALA AMYLIN AN ANA ANABAPTIST ANABLE ANABOLIC ANAC ANACHRONISM ANACHRONISMS ANACIN ANACOMP ANACONDA ANACORTES ANACOSTIA ANADARKO ANAFRANIL ANAGNOS ANAGRAM ANAL ANALGESIC ANALGESICS ANALOG ANALOGIC ANALOGY ANALYSES ANALYSIS ANALYST ANALYSTS ANALYTIC ANALYTICAL ANALYTICITY ANALYTICS ANALYZABLE ANALYZES ANAMARIA ANAND ANANIA ANAPHYLAXIS ANAPLASIA ANAPLASTIC ANAS ANASAZI ANASQUAN ANAST ANASTAS ANASTASI ANASTASIO ANASTOS ANATOLA ANATOLI ANATOLIA ANATOLIAN ANATOLY ANATOMICAL ANATOMIST ANATOMY ANAWALT ANAYA ANBARI ANCEL ANCESTRAL ANCESTRY ANCIRA ANCONA ANCRUM ANCTIL AND ANDAL ANDANTE ANDANTINO ANDEAN ANDEL ANDES ANDINO ANDIS ANDO ANDOLINA ANDONIAN ANDORAS ANDRADA ANDRAS ANDRE ANDREA ANDREAS ANDREINI ANDREN ANDREOLI ANDREONI ANDREOZZI ANDREPONT ANDRES ANDRESEN ANDRESKI ANDREZAK ANDRIA ANDRIANA ANDRIANO ANDRIC ANDRINGA ANDRIOLA ANDRIST ANDROGYNY ANDROMEDA ANDROPOV ANDROS ANDRUS ANDRY ANDS ANDUJAR ANDY ANECDOTAL ANEMIA ANEMIAS ANEMIC ANFINSON ANGEL ANGELA ANGELENO ANGELENOS ANGELES ANGELES'S ANGELI ANGELIC ANGELICA ANGELICAS ANGELICO ANGELIKA ANGELINA ANGELINI ANGELINO ANGELINOS ANGELITA ANGELO ANGELONE ANGELONI ANGELOS ANGELOZ ANGELS ANGI ANGINA ANGIO ANGIOGRAM ANGIOMEDIC ANGIOMEDICS ANGIOPLASTY ANGIOTENSIN ANGLE ANGLED ANGLES ANGLETON ANGLIA ANGLICAN ANGLIM ANGLIN ANGLO ANGLOS ANGOLA ANGOLAN ANGOLANS ANGORA ANGORAS ANGOVE ANGRIEST ANGRILY ANGRY ANGST ANGULAR ANGULATE ANGULO ANGUS ANGY ANHALT ANIAK ANIBAL ANIKST ANIMAL ANIMALS ANIMATED ANIMIST ANIMISTS ANIMOSITY ANIMUS ANINAT ANITA ANITEC ANIXTER ANJA ANJELICA ANKENY ANKLAM ANKLE ANKLES ANKLET ANKLETS ANKROM ANKRUM ANNEX ANNEXES ANNUAL ANNUALIZE ANNUALIZED ANO ANOMALY ANONA ANONYMITY ANORA ANOREXIA ANOREXIC ANOREXICS ANRIG ANSA ANSALDO ANSARI ANSCOM ANSEL ANSELM ANSELMA ANSELMI ANSELMO ANSGAR ANSIN ANSON ANSONIA ANSTINE ANT ANTACID ANTACIDS ANTAGONIST ANTAGONISTIC ANTAGONISTS ANTAL ANTARCTIC ANTARCTICA ANTARES ANTE ANTEC ANTECEDENT ANTECEDENTS ANTED ANTEMERIDIAN ANTEMORTEM ANTES ANTHRAX ANTI ANTIBACTERIAL ANTIBIOTIC ANTIBIOTICOS ANTIBIOTICS ANTIBODY ANTIC ANTICIPATED ANTICIPATORY ANTICLIMACTIC ANTICO ANTICOMMUNIST ANTICS ANTIDISESTABLISHMENTARIANISM ANTIDRUG ANTIFUNGAL ANTIGEN ANTIGENS ANTIGONES ANTIGUA ANTIPODAL ANTIQUATED ANTIQUITY ANTIS ANTISEPTIC ANTITANK ANTITRUST ANTIVIRAL ANTIWAR ANTLE ANTOL ANTOLIK ANTOLINI ANTON ANTONE ANTONI ANTONIA ANTONIN ANTONINI ANTONIO ANTONIOS ANTONIU ANTONIUS ANTONSEN ANTONSON ANTONY ANTOS ANTRIL ANTRIM ANTROBUS ANTS ANTSY ANTUNA ANTUNES ANTUNEZ ANUS ANVIL ANWAR ANWYL ANXIETY ANY ANYBODY ANYON ANYONE ANZA ANZALDUA ANZELMO ANZIO ANZUS AOKI AON AORTA AORTIC APACS APART APARTMENT APARTMENTS APCAR APEC APEL APERITIF APFEL APLENTY APLIN APNEA APOCALYPTIC APODACA APOLITICAL APOLOGETIC APOLOGIST APOLOGISTS APOLOGIZES APOLOGY APONTE APOPA APOPKA APOPLECTIC APOPTOSIS APOSTOL APPENDIX APPENDIXES APPROXIMATED APRA APREA APRICOT APRICOTS APRIL APRIORI APRODIVA APRON APRONS APSO APSTAR APT APTIVA APTLY AQABA AQUA AQUARIST AQUARISTS AQUARIUM AQUARIUMS AQUARIUS AQUATIC AQUEDUCT AQUEDUCTS AQUILA AQUILAR AQUILINA AQUILINO AQUINAS AR ARA ARAB ARABE ARABIA ARABIAN ARABIANS ARABIC ARABICON ARABLE ARABS ARAFAT ARAGON ARAGONA ARAI ARAKAKI ARAKAWA ARAKELIAN ARAKI ARAL ARAMBULA ARAMID ARAMINTA ARAMIS ARAMONY ARAN ARANA ARANGO ARANT ARANTZA ARARAT ARATA ARB ARBA ARBAT ARBED ARBEL ARBENZ ARBITRARILY ARBITRARY ARBITRATED ARBITRON ARBO ARBOGAST ARBOLEDA ARBOREAL ARBS ARBY ARC ARCADIA ARCADIAN ARCADIANS ARCANA ARCAND ARCANUM ARCARO ARCATA ARCEMENT ARCEO ARCIDIACONO ARCO ARCOLA ARCOS ARCOSANTI ARCS ARCTIC ARCTURUS ARCURI ARD ARDA ARDELIA ARDEN ARDENT ARDENTLY ARDIN ARDINE ARDIS ARDITO ARDOLINO ARDRA ARDUINI AREA AREAS AREBALO AREHART AREL AREN ARENCIBIA ARENS ARENSON ARENT ARENTZ ARENZ ARETA ARETINA ARETSKY AREVALO ARGENT ARGENTA ARGENTINA ARGENTINAS ARGENTINIAN ARGENTINIANS ARGENTO ARGIRO ARGO ARGON ARGOSY ARGOSYSTEM ARGOSYSTEMS ARGOT ARGUE ARGUED ARGUES ARGUIJO ARGUING ARGUMENT'S ARGUMENTATION ARGUMENTATIVE ARGUS ARI ARIA ARIADNE ARIAN ARIANA ARIAS ARIAS'S ARIC ARICO ARID ARIDA ARIEL ARIOLA ARISON ARISPE ARISTOCRACY ARISTOTLE ARIZA ARIZMENDI ARIZONA ARJO ARK ARKADI ARKADY ARKANSAN ARKANSANS ARKIN ARKLA ARKO ARLANA ARLEN ARLENA ARLETA ARLIN ARLINDA ARLT ARM ARMACOST ARMADA ARMAGOST ARMAMENT ARMAMENTS ARMAN ARMAND ARMANDO ARMANI ARMARO ARMAS ARMATO ARMBAND ARMBANDS ARMBRUST ARMCO ARMEL ARMEN ARMENDAREZ ARMENDARIZ ARMENIA ARMENIAN ARMENIANS ARMENT ARMENTA ARMENTOR ARMESTED ARMIDA ARMIJO ARMIN ARMINA ARMINE ARMOLD ARMON ARMOND ARMONK ARMPIT ARMPITS ARMREST ARMRESTS ARMS ARMSTRAD ARMTEC ARMTEK ARMY ARN ARNAL ARNALDA ARNALDO ARNAZ ARNESEN ARNESON ARNHOLD ARNHOLT ARNO ARNOLD ARNOLDI ARNOLDS ARNOLDY ARNONE ARNOT ARNS ARNST ARNTSON ARNTZ ARNTZEN ARNULFO ARNZEN ARO AROMATIC ARON ARONHALT ARONS ARONSON ARORA AROS ARP ARPA ARPANET ARPIN ARPINO ARPS ARSENAL ARSENALS ARSENIC ARSENIO ARSLANIAN ARSON ARSONIST ARSONISTS ARSONS ARSOV ART ARTALE ARTEMAS ARTEMUS ARTERIAL ARTES ARTFUL ARTICLE ARTICLES ARTICULATE ARTICULATES ARTICULATING ARTICULATION ARTIFACT ARTIFACTS ARTINO ARTIODACTYL ARTIODACTYLS ARTIS ARTISAN ARTISANS ARTIST ARTISTIC ARTISTRY ARTISTS ARTMAN ARTON ARTRA ARTRIP ARTS ARTSY ARTUR ARTURO ARTUS ARTY ARTZ ARTZT ARUM ARUNDEL ARVA ARVAD ARVAL ARVANITIS ARVEL ARVID ARVIDA ARVIDSON ARVIN ARVIND ARVIZU ARWEN ARY ARYAN ARZAMA ARZAMAS ARZOLA ARZT AS ASA ASAF ASAHAN ASAHARA ASAHI ASAMERA ASARCO ASARO ASAT ASATO ASBESTEC ASBESTOS ASBESTOSIS ASBURY ASBY ASCAP ASCENCIO ASCLAD ASCORBIC ASCOT ASDA ASEA ASEAN ASELMA ASELTINE ASENCIO ASERITIS ASIAMERICA ASIATIC ASIC ASICS ASIEL ASIMOV ASK ASKA ASKEW ASKIN ASKINS ASKO ASKOLDOV ASKREN ASKS ASLANIAN ASLESON ASLIN ASMAN ASMARA ASMARAS ASMODEUS ASMUS ASP ASPARAGUS ASPECT ASPECTS ASPEN ASPENS ASPERITY ASPHYXIATED ASPIN ASPLUND ASPNES AST ASTA ASTIN ASTON ASTORGA ASTORIA ASTORINO ASTRA ASTRAL ASTRID ASTRINGENT ASTRINGENTS ASTRO ASTROGEOLOGY ASTROLOGICAL ASTROLOGY ASTRONOMICAL ASTRONOMY ASTROS ASWIN ASYLUM ASYMPTOMATIC AT ATA ATALANTA ATALIA ATAMIAN ATARI ATAVISTIC ATAXIA'S ATCO ATCOR ATEK ATEN ATENCIO ATICO ATILANO ATKIN ATKINS ATKINS'S ATKINSON ATKISON ATLA ATLAN ATLANTA ATLANTAN ATLANTANS ATLANTIC ATLANTICA ATLANTICO ATLANTIS ATLANTIS'S ATLAS ATLAS'S ATLASES ATMEL ATNIP ATOM ATOMIC ATOMS ATON ATONAL ATOP ATOR ATRA ATRIA ATRIUM ATRIUMS ATROCITY ATTENUATED ATTRIBUTABLE ATTRIBUTED ATYPIA ATYPIC ATYPICAL ATZ AUDIOTEX AUDIOVOX AUTISM AUTOMATIX AUXTON AVA AVAKIAN AVALON AVALOS AVANA AVANT AVANTEK AVANTI AVANTS AVATAR AVATARS AVCO AVDEL AVE AVEDON AVELAR AVELINE AVEMCO AVEN AVENA AVENDANO AVENEL AVENI AVENT AVERA AVERSA AVI AVIA AVIAN AVIANO AVIARY AVIAZIONE AVID AVIDLY AVIGNON AVILA AVILES AVILEZ AVINA AVIONIC AVIONICS AVIONS AVIS AVITAL AVIV AVMARK AVNET AVOCADO AVOCADOS AVOCET AVODON AVOLIO AVON AVRAHAM AVRAM AVRIL AVRIM AVTOVAZ AVUNCULAR AWACS AWAD AWAKEN AWAKENS AWALT AWAN AWARD AWARDED AWARDS AWB AXA'S AXE AXED AXLEY AXLINE AXSOM AXTELL AYAKO AYALA AYENDE AZACTAM AZALEA AZALEAS AZALIA AZAR AZCONA AZCUENAGA AZELIA AZERI AZEVEDO AZIZ AZTEC AZTECA AZTECS AZUKA AZURA AZZARA AZZARO AZZOPARDI B'S B-J'S B. B.S BAB BABA BABANGIDA BABAR BABEL BABIAK BABIC BABIK BABIN BABINO BABINSKI BABITA BABKA BABLER BABS BABSON BABU BABULA BABY BABYAK BABYLON BABYLONIAN BABYLONIANS BABYSAT BABYSIT BACA BACARDI BACIGALUPI BACIGALUPO BACIK BACINO BACON BACOT BACTERIA BACTERIAL BACTERIOLOGY BACTERIUM BACUS BAD BADA BADAL BADALAMENTI BADAMI BADAVATZ BADEN BADIA BADLAND BADLANDS BADLY BADMAN BADMINTON BADMINTONS BADOLATO BADU BADURA BADY BAEZ BAG BAGAN BAGBY BAGDAD BAGDASARIAN BAGDIKIAN BAGDON BAGDONAS BAGEL BAGELAND BAGELS BAGENT BAGFUL BAGINSKI BAGLIO BAGMAN BAGNATO BAGS BAGSBY BAHAMA BAHAMAS BAHAMIAN BAHAN BAHENA BAHIA BAHIR BAIO BAJA BAJEMA BAK BAKA BAKELMAN BAKOS BAKOWSKI BAKREWALI BAKST BAKU BAKULA BAL BALA BALABAN BALAKUMAR BALAN BALANCES BALART BALAS BALATA BALBI BALBINA BALBO BALBOA BALBONI BALCEROWICZ BALCOM BALCONY BALCOR BALD BALDEMAR BALDEV BALDEZ BALDI BALDINI BALDINO BALDLY BALDO BALDONADO BALDONI BALDRIC BALDRY BALDUR BALDUS BALDWIN BALDYGA BALENTINE BALESTRA BALFANZ BALI BALIAN BALIK BALILAN BALILES BALIN BALINSKI BALINT BALIS BALISTRERI BALKAN BALKANS BALKIN BALKO BALMES BALMORAL BALMORALS BALODIA BALOG BALOGA BALON BALSA BALSAM BALSAMO BALTAZAR BALTIC BALTICA BALTICS BALTO BALTODANO BALTSA BALTZ BALUJA BALUKAS BALZ BALZANO BALZARINI BAM BAMAKO BAMBA BAMBENEK BAMBI BAMBINO BAMBINOS BAMUT BAN BANAL BANALITY BANANA BANANAS BANAS BANASIAK BANBURY BANC BANCA BANCARIO BANCO BANCOKLAHOMA BANCOR BANCORP BANCROFT BANCTEC BAND BANDA BANDAG BANDAGES BANDANA BANDANAS BANDAR BANDED BANDEL BANDIT BANDITRY BANDITS BANDS BANDSTAND BANDWAGON BANDY BANEGAS BANESTO BANET BANGALA BANGALOR BANGLE BANGLES BANGO BANIA BANIK BANIS BANJA BANJO BANK BANKABLE BANKAMERICA BANKATLANTIC BANKEN BANKO BANKOWSKI BANKRUPCTY BANKRUPT BANKRUPTED BANKS BANKS'S BANKSON BANKSTON BANOS BANQUET BANQUETS BANS BANSAL BANTA BANTAM BANTAMS BANTLE BANTON BANTU BANTZ BANUELOS BANWART BANXQUOTE BANYA BANYALUCA BANYAN BANYAS BANYU BANZHAF BAPNA BAPTISMAL BAPTIST BAPTISTA BAPTISTS BAR BARA BARABAR BARAGI BARAHONA BARAJAS BARAK BARAKAT BARAM BARAN BARANEK BARB BARBA BARBADOS BARBANEL BARBANO BARBARIAN BARBARIANS BARBARIC BARBARINO BARBARISM BARBARITY BARBARO BARBATO BARBECUE BARBECUED BARBECUES BARBELS BARBEQUE BARBEQUED BARBEQUES BARBERA BARBERI BARBERIO BARBERO BARBIAN BARBIN BARBO BARBOSA BARBOZA BARBRA BARBS BARBUDA BARBY BARCA BARCELO BARCELONA BARCENAS BARCLIFT BARCO BARCROFT BARCUS BARD BARDEN BARDERA BARDIN BARDO BARDOLF BARDON BARDULF BARELA BARENS BARENTINE BARENTS BAREST BARG BARGA BARGAR BARGAS BARGES BARGMAN BARGO BARHAM BARHORST BARI BARIL BARIS BARIUM BARK BARKAN BARKIN BARKMAN BARKO BARKOCY BARKS BARKUS BARMAN BARN BARNA BARNABAS BARNABY BARNACLE BARNACLES BARNARD BARNAS BARNET BARNEVIK BARNHARD BARNHART BARNICLE BARNO BARNS BARNSTORM BARNUM BARNY BARNYARD BARO BAROMETRIC BARON BARONET BARONETS BARONI BARONS BAROS BAROVIC BARS BARSAMIAN BARSANTI BARSKY BARSON BARSTAD BART BARTA BARTAK BARTEK BARTEL BARTELS BARTELSON BARTELT BARTEN BARTKO BARTKUS BARTLE BARTLES BARTLESON BARTMAN BARTNICKI BARTNIK BARTO BARTOK BARTOL BARTOLI BARTOLINI BARTOLO BARTOLOMEI BARTOLOMEO BARTON BARTONE BARTOS BARTRAM BARTS BARTUNEK BARTUS BARTZ BARZ BASA BASAL BASALDUA BASALT BASALTS BASAM BASARA BASAYEV BASCO BASCOM BASDEN BASEL BASENJI BASES BASI BASIC BASICS BASIL BASILIA BASILICA BASILIO BASIM BASIN BASINS BASINSKI BASIS BASISTA BASK BASKET BASKETRY BASKETS BASKIN BASKINS BASKS BASLE BASLER BASON BASORE BASQUEZ BASRA BAST BASTA BASTED BASTEDO BASTEN BASTIN BASTON BASTYR BASU BASULTO BASURTO BAT BATAN BATAT BATAVIA BATDORF BATED BATESON BATIBOT BATIK BATIKS BATISTA BATISTE BATMAN BATON BATONS BATOR BATRA BATS BATSON BATUIGAS BATUS BATY BATZ BATZEL BAVA BAVADRA BAVARIA BAVARIAN BAVARO BAVIS BAXENDALE BAXLEY BAXTER BAZ BAZAN BAZAR BAZINET BAZZANO BE BEATA BEATIFY BEATO BEATRIX BEBE BEBOP BEC BECKA BECNEL BECO BECOR BECRAFT BECTON BED BEDA BEDARD BEDBUG BEDBUGS BEDEL BEDEVIL BEDIENT BEDKE BEDLAM BEDNAREK BEDNARIK BEDNARSKI BEDNARZ BEDNORZ BEDPAN BEDPANS BEDS BEFALTO BEFIT BEFITS BEG BEGALA BEGAN BEGAT BEGEL BEGELMAN BEGET BEGETS BEGIN BEGINS BEGONIA BEGONIAS BEGOT BEGS BEGUN BEHAN BEHEST BEHIND BEHINDS BEHLE BEHOF BEHOLD BEHOLDEN BEHUNIN BEJAR BEJARANO BEKINS BEL BELA BELADUR BELAFONTE BELAK BELAND BELARUS BELASCO BELATED BELATEDLY BELCASTRO BELDEN BELDIN BELDON BELEN BELET BELFAST BELFIORE BELFRY BELGACOM BELGARD BELGARDE BELGE BELGO BELI BELIN BELINDA BELINSKY BELITZ BELK BELKA BELKACEM BELKIN BELKO BELMAN BELMONT BELMONTE BELNAP BELO BELOTE BELOV BELS BELSITO BELSKY BELSON BELT BELTED BELTON BELTRAM BELTRAN BELTS BELTZ BELUE BELUGA BELVA BELVIA BELVIN BELVOIR BELY BELZ BELZBERG BELZBERGS BEM BEMAN BEMBENEK BEMBRY BEMENT BEMIDJI BEMIS BEMUSE BEMUSED BEMUSEMENT BEN BENA BENAK BENAMI BENANTY BENARD BENASULI BENAVENTE BENAVIDES BENAVIDEZ BENAZIR BENCIVENGA BENCOMO BENCSIK BEND BENDA BENDECTIN BENDED BENDEL BENDIG BENDORF BENDS BENDURE BENE BENEDEK BENEDICT BENEDICTA BENEDIKT BENEFICENT BENEFICIARY BENEFIT BENEFITED BENEFITS BENEL BENENATI BENEQUITY BENES BENET BENEVENTO BENEVIDES BENEVOLENCES BENEVOLENT BENEZRA BENGAL BENGALI BENGALIS BENGALS BENGEL BENGSTON BENGT BENHAM BENI BENIGNA BENIGNO BENIHANA BENIN BENINATI BENINCASA BENITA BENITEZ BENITO BENJA BENJAMIN BENJIMEN BENJY BENKO BENO BENONI BENOWITZ BENS BENSALEM BENSEL BENSEN BENSKIN BENSMAN BENSON BENT BENTIVEGNA BENTLY BENTO BENTON BENTSEN BENTSON BENTZ BENTZEL BENTZEN BENVENISTE BENVENUTI BENVENUTO BENYAMIN BENYO BENZ BENZ'S BENZEL BENZES BEOWULF BEQUEST BEQUESTS BERA BERAN BERANEK BERATED BEREND BERENDS BERENDZEN BERENS BERENSON BERENT BERET BERETS BERGSMA BERIA BERLASCONE BERLEX BERMEA BERMUDA BERMUDAS BERMUDEZ BERNA BERNACKI BERNI BERNIA BERO BERON BERTI BERUDI BERUMEN BERYL BES BESANCON BESANT BESET BESLER BESPECTACLE BESPECTACLED BEST BESTED BESTUL BET BETA BETABIA BETAKEREN BETAR BETAS BETASERON BETAVON BETEL BETETA BETKE BETS BETSY BETZ BETZOLD BEUTEL BEUYS BEV BEVAN BEVANS BEVARD BEVEL BEVEN BEVENS BEVIL BEVIN BEVINS BEVIS BEVMARK BEVY BEXLEY BEYONCE BEZANSON BEZDEK BEZEK BEZOLD BI BIAGI BIAGINI BIAGIONI BIALAS BIALEK BIALIK BIALKIN BIALY BIAMBY BIAMONTE BIANA BIANCA BIANCO BIANCONI BIAS BIASES BIASI BIAZ BIB BIBA BIBI BIBLE BIBLER BIBLES BIBLICAL BIBS BIBY BIC BICENTENARY BICEPS BICUSPID BICUSPIDS BICYCLE BICYCLED BICYCLES BICYCLING BICYCLIST BICYCLISTS BID BIDCO BIDCOS BIDDIX BIDEN BIDLO BIDS BIELECKI BIELICKI BIERNACKI BIFANO BIFIDA BIFOCAL BIFOCALS BIFULCO BIG BIGAN BIGBY BIGHAM BIGHORN BIGHORNS BIGLER BIGLIN BIGOS BIGOT BIGOTED BIGOTRY BIGOTS BIGRAM BIGS BIGSBY BIGWIG BIGWIGS BIHAC BIHAC'S BIHARI BIJAC BIJAN BIJELJINA BIJUR BIKIN BIKINI BIKINIS BIKO BIL BILA BILBO BILBRO BILBY BILD BILEK BILINGUAL BILINSKI BILIRAKIS BILK BILKA BILKO BILOXI'S BILSKI BILSKY BILSON BILTON BILTZ BILY BILYK BILZERIAN BIMA BIMBO BIMBOS BIMINI BIN BINA BIND BINDEL BINDLE BINDLES BINDS BINGA BINGEL BINGES BINGLE BINGO BINION BINK BINKOWSKI BINOCULAR BINOCULARS BINOMIAL BINS BINTZ BINZ BIO BIOCONTROL BIOCRAFT BIODEGRADABLE BIOGEN BIOLOGIC BIOLOGICAL BIOLOGICALS BIOLOGICS BIOLOGIST BIOLOGISTS BIOLOGY BIOMATERIAL BIOMATERIALS BIOMED BIOMEDICAL BIOMEDICALS BIOMET BIOMETRIC BIONDI BIONDO BIONETIC BIONETICS BIOPSY BIOS BIOSIS BIOSYS BIOSYSTEM BIOSYSTEMS BIOTIN BIOVEST BIP BIPARTISAN BIRINYI BIRO BIRON BIROS BIS BISCARDI BISCEGLIA BISEK BISEL BISESI BISIANI BISIG BISIGNANO BISKUP BISMARK BISON BISTRO BISUTEKI BIT BITLER BITS BITSY BITUMEN BITZ BIVEN BIVENS BIVIANO BIVIN BIVINS BIVONA BIXLER BIZ BIZANGO BIZET BIZMART BIZUB BJELASNICA BJORK BJORKLUND BJORKMAN BJORN BJORNSTAD BLADED BLADEN BLAGDEN BLAHA BLAHUT BLAKENHAM BLAN BLANC BLANCA BLANCO BLAND BLANDA BLANDFORD BLANDIN BLANDINO BLANDLY BLANDO BLANDON BLANK BLANKEN BLANKET BLANKETED BLANKETS BLANKLY BLANKS BLANTON BLAS BLASCO BLASDEL BLASI BLASIA BLASINGAME BLASINI BLASIUS BLASKO BLAST BLASTED BLASTOMA BLASTS BLATANT BLATANTLY BLATNIK BLATZ BLAZEK BLAZES BLAZINA BLED BLEGEN BLEND BLENDA BLENDED BLENDS BLEST BLEVENS BLEVINS BLIDA BLIMP BLIMPS BLIND BLINDED BLINDFOLD BLINDFOLDED BLINDLY BLINDS BLINDSIDED BLINK BLINKS BLIP BLIPS BLITZ BLITZEN BLITZES BLIVEN BLOB BLOBS BLOC BLOCS BLOG BLOK BLOM BLOMGREN BLOMQUIST BLOMSTROM BLOND BLONDEST BLONDIN BLONDS BLOT BLOTS BLOXHAM BLOXSOM BLUEST BLUM BLUMENFELD BLUMQUIST BLUNK BLUNT BLUNTED BLUNTEST BLUNTLY BLUNTS BLUST BLY BO BOA BOAS BOAZ BOB BOBAK BOBCAT BOBCATS BOBEK BOBINSKI BOBO BOBOLAS BOBROWSKI BOBSLED BOBST BOCA BOCANEGRA BOCEK BOCUSE BODA BODANIS BODEGA BODEGAS BODEN BODI BODICES BODIKOVA BODILY BODIN BODINE BODKIN BODKINS BODLE BODMAN BODNAR BODO BODY BODZIAK BOG BOGAN BOGAR BOGARDUS BOGART BOGDAN BOGDANSKI BOGDEN BOGDON BOGEN BOGIN BOGLE BOGNAR BOGOR BOGOTA BOGS BOGUS BOHAC BOHAN BOHANAN BOHANON BOHART BOHEME BOHEMIA BOHEMIAN BOHLE BOHON BOJANOWSKI BOJARSKI BOJENKA BOJORQUEZ BOK BOKSEN BOL BOLA BOLAM BOLAN BOLANCIK BOLAND BOLANOS BOLCOM BOLD BOLDA BOLDEN BOLDEST BOLDIN BOLDLY BOLDMAN BOLDON BOLDS BOLDUC BOLEK BOLEN BOLERO BOLF BOLIDEN BOLIN BOLIO BOLIVIA BOLIVIAN BOLIVIANS BOLOGNESE BOLOGNESI BOLON BOLOTIN BOLSA BOLSHEVISM BOLSON BOLSTAD BOLT BOLTED BOLTEN BOLTON BOLTS BOLTZ BOLUS BOLYARD BOLZ BOM BOMAG BOMAN BOMAR BOMBA BOMBARD BOMBARDED BOMBARDMENT BOMBARDMENTS BOMBAST BOMBASTIC BON BONA BONADIO BONADUCE BONANZA BONASERA BONAVENTURA BONAVIA BONAVITA BONAWITZ BOND BONDAR BONDED BONDI BONDRA BONDS BONDURANT BONDY BONFANTI BONFIGLIO BONGARD BONGARTEN BONGO BONGOS BONHAM BONI BONICA BONIFACIO BONIFAS BONIN BONINE BONINI BONINO BONITA BONITO BONK BONKOWSKI BONO BONOBO BONOBOS BONOMO BONSIGNORE BONTA BONTEMPO BONUM BONURA BONUS BONUSES BONWIT BONY BONZO BOOMBOX BOOMBOXES BOP BOPERA BOQUIST BORA BORAK BORAL BORBA BORDA BORDAS BORDELON BORDEN BORDMAN BORDONARO BOREALIS BOREK BOREL BOREN BORG BORGELT BORGEN BORGES BORGESON BORGMAN BORGSTROM BORIC BORIN BORIS BORIS'S BORJA BORJAS BORK BORKENHAGEN BORLAND BORMAN BORN BORNEO BORNHORST BORNMAN BORNS BORON BORQUEZ BORS BORSKI BORST BORSUK BORT BORTEL BORTEN BORTLE BORTON BORTZ BORUCKI BORUM BORUNDA BORUP BORYS BOS BOSAK BOSCARINO BOSCO BOSKIN BOSKO BOSLEGO BOSLER BOSMA BOSMAN BOSNIA BOSNIAN BOSNIANS BOSNIAS BOSO BOSOM BOSQI BOSQUEZ BOST BOSTELMAN BOSTIC BOSTON BOSTONIAN BOSTONIANS BOSTRA BOSTROM BOTANIC BOTANICAL BOTANIST BOTANISTS BOTANY BOTERO BOTFLY BOTIN BOTKIN BOTKINS BOTOLF BOTON BOTOS BOTRYTIS BOTSWANA BOTZ BOVA BOVARD BOVEN BOVENZI BOVERI BOVIK BOVIN BOVINA BOVINO BOXED BOXELL BOXER BOXERS BOXING BOXLEY BOXWELL BOXWOOD BOXX BOYAR BOZA BOZARD BOZEK BOZIAN BOZIC BOZMAN BOZO BOZOS BRA BRAATEN BRABANT BRABEC BRABHAM BRABSON BRAC BRACAMONTE BRACAMONTES BRACERO BRACES BRACINGLY BRACY BRAD BRADBURY BRADCO BRADEMAS BRADEN BRADENTON BRADHAM BRADT BRADY BRADYCARDIA BRADYKININ BRADYS BRAG BRAGA BRAGAN BRAGANZA BRAGDON BRAGS BRAHAM BRAJOVIC BRALY BRAM BRAMALEA BRAMAN BRAMBILA BRAMBLE BRAMBLES BRAMEL BRAMLET BRAMPTON BRAMS BRAMSON BRAN BRANAGAN BRANAM BRANAMAN BRANAN BRANCA BRANCATO BRANCO BRAND BRANDA BRANDED BRANDEL BRANDEN BRANDHORST BRANDI BRANDIS BRANDLE BRANDO BRANDON BRANDS BRANDS'S BRANDVOLD BRANDY BRANHAM BRANI BRANIGAN BRANIN BRANISLOV BRANITZKY BRANK BRANKI BRANKO BRANKS BRANON BRANSCOM BRANSCUM BRANSOM BRANSON BRANSTAD BRANT BRANTLY BRANTON BRANUM BRANYON BRANZ BRAS BRASCAN BRASCO BRASEL BRASELTON BRASIL BRASILIA BRAT BRATON BRATS BRATZ BRAVADO BRAVEST BRAVO BRAZ BRAZDA BRAZEL BRAZELTON BRAZEN BRAZENLY BRAZIL BRAZILIAN BRAZILIANS BRAZOS BRCKO BREADBOX BRECO BRED BREDA BREDEN BREDESON BREGLIO BREGMAN BRELAND BREM BREMEN BREMS BREN BRENDA BRENDAN BRENDEL BRENDEN BRENDLE BRENDON BRENDSEL BRENT BRENTANO BRENTANOS BRENTON BRENTS BREON BRESCA BRESLIN BRESNAHAN BRESNAN BREST BRET BRETON BRETZ BREVETS BREVIG BREVIK BREVITY BREZA BREZINA BREZINSKI BRIA BRIAN BRIANA BRIANCON BRIAND BRIANT BRIC BRICENO BRICOM BRIDAL BRIDEN BRIDLE BRIDLED BRIEN BRIG BRIGANDI BRIGANTE BRIGANTI BRIGMAN BRIGNAC BRIGODE BRIGUGLIO BRIM BRIN BRINDEL BRINDLE BRINGLE BRINK BRINKLY BRINKMAN BRINKS BRINSON BRINTEC BRINTON BRIO BRIODY BRION BRIONES BRISBIN BRISBON BRISCO BRISENO BRISK BRISKET BRISKI BRISKIN BRISKLY BRISKY BRISLIN BRISON BRISTOL BRIT BRITA BRITO BRITON BRITONS BRITS BRITZ BRIXEY BRIZENDINE BRIZOLA BRIZZOLARA BRO BROADNAX BROBST BROC BROCATO BROD BRODA BRODEN BRODIN BRODKIN BRODMAN BRODOWSKI BRODRY BRODSKY BRODT BRODY BROGAN BROGDEN BROGDON BROGNA BROK BROKEN BROKINI BROLIN BROM BROMAN BROMONT BRONC BRONCO BRONCOS BRONFMAN BRONFMANS BRONK BRONKEMA BRONS BRONSON BRONSTON BRONTE BRONWEN BRONWYN BRONZEN BRONZES BROSIUS BROSKI BROSKY BROSNAHAN BROSNAN BROST BROSTROM BROTEN BROTMAN BROTZMAN BROXSON BROXTERMAN BROZ BROZEK BROZMAN BROZOWSKI BRUCATO BRUGES BRUGMAN BRUHA BRUIN BRUINS BRUINSMA BRUM BRUMIT BRUN BRUNA BRUNCOR BRUNET BRUNHILDA BRUNI BRUNJES BRUNK BRUNKEN BRUNKHORST BRUNO BRUNS BRUNSMAN BRUNSON BRUNSVOLD BRUNSWIG BRUNT BRUNTJEN BRUNTON BRUNTY BRUNTZ BRUS BRUSCA BRUSCO BRUSKI BRUSKY BRUSO BRUST BRUSTOLONI BRUT BRUTAL BRUTALITY BRUTALIZES BRUTON BRUTUS BRUXELLES BRUZZESE BRYAN BRYANS BRYANT BRYDEN BRYDON BRYEN BRYK BRYN BRYNA BRYNGELSON BRYON BRYS BRYSON BRZYCKI BUB BUBEL BUBIER BUBINGA BUBKA BUBLITZ BUC BUCARO BUCASE BUCCAL BUCEK BUCEY BUCHANAN BUCHANANS BUCHANON BUCHENWALD BUCS BUD BUDAI BUDAPEST BUDER BUDIN BUDKA BUDKE BUDNIK BUDNY BUDS BUDSON BUDVAR BUDZ BUDZYN BUE BUEL BUELL BUENO BUENOS BUENROSTRO BUERKLE BUFANO BUFE BUFETE BUFKIN BUFORD BUG BUGAI BUGAJ BUGARIN BUGAY BUGH BUGLIOSI BUGOJNO BUGS BUGSY BUHL BUHR BUICK BUICKS BUIST BUITONI BUJAK BUJUMBURA BUKAVU BUKER BUKOVINA BUKOVSKY BULAT BULB BULBS BULEMIA BULEMIC BULEN BULEY BULGARIA BULGARIAN BULGARIANS BULGES BULGRIN BULK BULKY BULMAN BULOW BULSON BULT BULTEMA BULTMAN BULWINKLE BUM BUMANN BUMBLE BUMBLING BUMBLY BUMP BUMPAS BUMPKIN BUMPS BUMPUS BUMPY BUMS BUN BUND BUNDA BUNDESBANK BUNDESPOST BUNDESRAT BUNDESTAG BUNDLE BUNDLED BUNDLES BUNDLING BUNDREN BUNDS BUNDY BUNDYS BUNGLED BUNGLING BUNK BUNKS BUNS BUNT BUNTEN BUNTIN BUNTON BUNTYN BUNTZ BUNYAN BUNYARD BUONICONTIS BUONO BUONOCORE BUONOMO BUPKUS BURACK BURANDT BURCIAGA BURDA BURDI BURDO BUREK BUREL BURI BURIAL BURIALS BUROKER BUROW BURPO BURY BUS BUSAM BUSBIN BUSBY BUSCAGLIA BUSCEMI BUSE BUSENBARK BUSES BUSEY BUSIC BUSIEST BUSILY BUSK BUSLER BUST BUSTA BUSTAMANTE BUSTED BUSTI BUSTIN BUSTO BUSTOS BUSTS BUSTY BUSY BUT BUTALA BUTANE BUTARE BUTE BUTECO BUTENHOFF BUTERA BUTKA BUTKUS BUTMAN BUTROS BUTS BUTSON BUTULESI BUTZ BUTZEN BUTZIN BUXBAUM BUZBY BUZEK BY BYAM BYARD BYAS BYKOWSKI BYLAND BYLSMA BYLUND BYNUM BYPRODUCT BYPRODUCTS BYRAM BYRLE BYRN BYRNS BYROM BYRON BYRUM BYSTROM BYUN BYUS BYZANTIUM C'MON C'S C-SPAN C. C.D.S C.S CA CAB CABA CABAL CABAN CABANA CABANAS CABEZAS CABIN CABINDA CABINET CABINETS CABINS CABLE CABLEC CABLED CABLEGRAM CABLEONE CABLER CABLES CABLESYSTEM CABLESYSTEMS CABLETRON CABO CABOT CABRAL CABRALES CABRERA CABRINI CABS CAC CACACI CACAO CACERES CACTI CACTUS CAD CADA CADAM CADBURY CADBY CADENA CADENCES CADET CADETS CADIZ CADLE CADMAN CADMIUM CADMUS CADOGAN CADRE CADRES CADS CADY CAFARO CAFE CAFES CAFETERIA CAFETERIAS CAFIERO CAFTAN CAFTANS CAGAN CAGES CAGLE CAGLIARI CAGUAS CAHALAN CAHAN CAHASA CAHORA CAJUN CAJUNS CAL CALA CALABASAS CALABRESE CALABRIA CALABRO CALADIUMS CALAF CALAHAN CALAMARI CALAME CALAMIA CALAMITY CALAN CALANDRA CALANDRO CALARCO CALAVERAS CALBOS CALCAGNI CALCAGNO CALCIFY CALCIUM CALCOMP CALCOTE CALCULATE CALCULATES CALCULATING CALCULATION CALCULATIONS CALCULATOR CALCULATORS CALDERA CALDOR CALEB CALEBS CALECA CALEDONIA CALEDONIAN CALEF CALERO CALGON CALI CALIA CALIBRATED CALICO CALIDA CALIENDO CALIF CALIFANO CALIFORNIA CALIFORNIAN CALIFORNIANS CALIRI CALISTA CALKIN CALKINS CALMA CALMAQUIP CALMAR CALMARK CALMART CALMAT CALMES CALNAN CALNY CALO CALOGERO CALORIC CALPIS CALTABIANO CALTAGIRONE CALTON CALTRANS CALUMNY CALUTZI CALUZU CALVANI CALVANO CALVERAS CALVET CALVI CALVIN CALVINA CALVINIST CALVINO CALVO CALYPSO CALYPSOS CALZADA CAM CAMA CAMAN CAMARA CAMARATA CAMARENA CAMARGO CAMARO CAMAROS CAMBODIA CAMBODIAN CAMBODIANS CAMBRA CAMBRIA CAMBRIAN CAMBRON CAMBY CAMCO CAMDEN CAMECO CAMEJO CAMEL CAMELOT CAMELS CAMEO CAMEOS CAMERO CAMHI CAMINITI CAMINO CAMIRE CAMP CAMPA CAMPANA CAMPANALE CAMPANARO CAMPANIS CAMPEN CAMPESINOS CAMPI CAMPION CAMPIONE CAMPISI CAMPO CAMPOFRIO CAMPOLI CAMPOPIANO CAMPOS CAMPS CAMPTON CAMPUS CAMPUSES CAMPUZANO CAMPY CAMRO CAMRY CAMRYS CAMUS CAMUSO CAN CANA CANACE CANADA CANADIAN CANADIANS CANADY CANAL CANALE CANALS CANAM CANAN CANANEA CANARD CANARIENSIS CANARY CANAS CANASTA CANAVAN CANBY CANCAN CANCEL CANCELS CANCINO CANCIO CANCOM CANCRO CANCUN CANDELA CANDELABRA CANDELARIA CANDELARIO CANDIA CANDID CANDIDA CANDIDACY CANDIDLY CANDIDO CANDILIN CANDLE CANDLER CANDLES CANDY CANDYMAN CANEDO CANEDY CANELO CANEPA CANEVARI CANEZ CANGELOSI CANGEMI CANGIANO CANHAM CANIDA CANIGLIA CANIN CANINO CANION CANIPE CANNIBALISM CANO CANOGA CANOLA CANON CANONIC CANONICAL CANONICO CANONS CANOPY CANOSA CANOVA CANRAD CANRON CANS CANSECO CANSLER CANSO CANSON CANSTAR CANT CANTALUPO CANTARA CANTATA CANTEL CANTERO CANTIN CANTINA CANTLE CANTLIN CANTLON CANTO CANTON CANTONAL CANTONE CANTONS CANTU CANTY CANUP CANVAS CANVASES CANWEST CANYON CANYONS CANZANO CANZONERI CAP CAPABILITY CAPABLE CAPACITY CAPALBO CAPALDI CAPALDO CAPANO CAPCOM CAPECI CAPEK CAPEL CAPEN CAPISTRANO CAPITA CAPITAL CAPITALISM'S CAPITALIST CAPITALISTIC CAPITALISTS CAPITALIZES CAPITALS CAPITAN CAPITANO CAPITO CAPITOL CAPITOLS CAPITULATED CAPIZZI CAPLAN CAPLE CAPLES CAPLIN CAPO CAPOBIANCO CAPON CAPONI CAPONIGRO CAPORALE CAPORASO CAPOTEN CAPOZZOLI CAPRA CAPRARO CAPRI CAPRIATI CAPRICES CAPRICORN CAPRIO CAPRON CAPS CAPSTAN CAPTIVATED CAPTIVITY CAPUANO CAPUT CAPUTI CAPUTO CAQ CAR CARA CARACARA CARADINE CARAMANDI CARAMEL CARANGELO CARANO CARAS CARAT CARATS CARAVA CARAVAN CARAVANS CARAVEL CARAVEO CARAWAN CARBAJAL CARBARY CARBIN CARBO CARBON CARBONARA CARBONARO CARBONATED CARBONI CARBONS CARBURETED CARBY CARCINOGEN CARCINOGENIC CARCINOGENS CARCINOMA CARD CARDA CARDED CARDEN CARDENAS CARDENAS'S CARDIA CARDIAC CARDIGAN CARDIGANS CARDIGES CARDIN CARDINAL CARDINALE CARDINALI CARDINALS CARDIO CARDIOLOGIST CARDIOLOGISTS CARDIOLOGY CARDIOPULMONARY CARDIOVASCULAR CARDIS CARDIZEM CARDOEN CARDON CARDONA CARDONE CARDONI CARDOSA CARDOSI CARDOSO CARDOZA CARDOZO CARDS CARDY CAREL CARENA CAREUNIT CAREUNITS CARFAGNO CARFORA CARGAL CARGO CARGOS CARHART CARICO CARICOM CARIDAD CARIDI CARIGNAN CARIN CARINE CARINI CARINO CARIOCA CARIS CARITA CARL CARLA CARLAN CARLAND CARLE CARLEN CARLI CARLIN CARLINI CARLINO CARLISI CARLITA CARLITO CARLO CARLON CARLONE CARLONI CARLOS CARLS CARLSBAD CARLSEN CARLSON CARLSTON CARLSTROM CARLTON CARLY CARLYON CARLZON CARMA CARMAN CARMANY CARMEAN CARMEL CARMELA CARMELITA CARMELO CARMEN CARMICAL CARMITA CARMODY CARMON CARMONA CARMONY CARMY CARN CARNAHAN CARNAL CARNEVALE CARNICERO CARNINE CARNIVAL CARNIVALS CARNS CARO CAROB CAROL CAROLAN CAROLINA CAROLINAS CAROLINGIAN CAROLINIAN CAROLINIANS CAROLS CAROLUS CAROLYN CARON CAROTENUTO CARP CARPAL CARPENCIC CARPENITO CARPENTRY CARPET CARPETED CARPETS CARPINO CARPIO CARPORT CARPORTS CARS CARSON CARSTEN CARSTENS CARSTENSEN CART CARTA CARTAGENA CARTED CARTEL CARTELS CARTERA CARTLAND CARTON CARTONEROS CARTONS CARTS CARTY CARUANA CARUSONE CARVAJAL CARVALHO CARVEL CARVIN CARY CARYL CARYN CAS CASA CASABLANCA CASAD CASADA CASADO CASADOS CASADY CASAGRANDE CASAL CASALE CASALI CASALINO CASALS CASAMENTO CASANOVA CASARES CASAREZ CASAS CASAVANT CASAZZA CASCADED CASCIANO CASCO CASCONE CASERA CASERTA CASES CASESA CASEZE CASIANO CASIAS CASIMIR CASIMIRO CASINO CASINOS CASIO CASK CASKET CASKETS CASKS CASLER CASLIN CASO CASOLA CASON CASPIAN CAST CASTA CASTAGNA CASTAGNO CASTAGNOLA CASTALDI CASTALDO CASTANEDA CASTANO CASTANON CASTEL CASTELO CASTEN CASTIGATED CASTIGLIA CASTIGLIONE CASTINE CASTIO CASTO CASTON CASTORO CASTPART CASTPARTS CASTRATED CASTREJON CASTRILLON CASTRO CASTROL CASTRONOVA CASTRONOVO CASTS CASUALLY CASUALNESS CASUALTIES CAT CAT-2 CATACLYSMIC CATACOSINOS CATACOSINOS'S CATALAN CATALANO CATALDI CATALDO CATALFAMO CATALINA CATALOG CATALOGS CATALONIA CATALONIAN CATALYST CATALYSTS CATALYTIC CATANESE CATANIA CATANO CATANZARO CATAPANO CATAPULT CATAPULTED CATAPULTS CATATONIC CATECHISM CATEGORICAL CATEGORY CATENA CATHOLICISM CATIJA CATINO CATKINS CATLIN CATNAP CATNIP CATO CATOLICA CATON CATRON CATS CATWOMAN CAVA CAVACO CAVAGNARO CAVALRY CAVAN CAVATAIO CAVAZOS CAVEAT CAVEATS CAVEN CAVIAR CAVIN CAVINS CAVITY CAVORT CAWSL CAZARES CEBU CEBULA CEBULSKI CECALA CECELIA CECERE CECI CECIL CECILIA CECIN CECO CECOLA CECOS CEDED CEDENO CEDRAS CEDRAS'S CEDRIC CEDRONE CEFALO CEFALU CEJA CEL CELA CELADON CELANI CELANO CELEB CELEBRANT CELEBRANTS CELEBRATED CELEBRATORY CELEBRE CELEBRITY CELEBS CELENA CELENTANO CELERITY CELESTA CELESTIN CELESTINA CELESTINE CELESTINO CELIA CELIBACY CELICA CELINA CELINDA CELIO CELIS CELNIK CELO CELONA CELOSIA CELS CELSIUS CELSO CELT CELTIC CELTICS CELTS CEMENT CEMENTED CEMENTOS CEMETERY CEMP CENCI CENCOR CENDEJAS CENICEROS CENOZOIC CENSUS CENSUSES CENT CENTAVOS CENTEL CENTENARIAN CENTENARIANS CENTENARY CENTENO CENTIGRAM CENTOCOR CENTOFANTI CENTOLA CENTRAL CENTRALIA CENTRALISTS CENTRAM CENTRIFUGE CENTRIST CENTRISTS CENTRO CENTROMIN CENTRONICS CENTRUST CENTS CENTUM CENTURI CENTURION CEP CEPEDA CEPERO CERA CERANKOSKY CERDA CEREAL CEREALS CEREBRAL CEREMONIAL CEREMONY CERES CEREZO CERIO CERNA CERTO CERUS CERVANTES CERVANTEZ CERVENKA CERVESATO CERVI CERVIX CERYL CESARE CESARIO CESARO CESARZ CESENA CESIUM CESPEDES CESTARO CETA CETEC CETUS CETUS'S CHACABUCO CHAMONIX CHASM CHEMFIX CHISM CHMURA CHOJNACKI CIANO CIBA CIBRO CIBULA CICADA CICADAS CICALA CICALESE CICELY CICILY CICIO CID CIFRA CIFUENTES CIGA CIGAR CIGARS CIGNA CIHAK CILAG CILANTRO CILCORP CILENTO CILIBERTO CILVA CIMA CIMAGLIA CIMENTS CIMINERO CIMINI CIMINO CIMO CINA CINCO CINDRIC CINDY CINEMA CINEMAS CINEMATIC CINI CINO CINQ CINQUEMANI CINRAM CINTRON CIOLEK CIPRI CIPRIANI CIPRIANO CIRCULATED CIRCULATORY CIRIACO CIROS CISAR CISCO CISEK CISEWSKI CISLER CISLO CISNEROS CIST CITADEL CITED CITGO CITI CITIBANK CITIC CITICORP CITICORPS CITIZEN CITIZENRY CITIZENS CITRANO CITRIC CITRIN CITRO CITRON CITROSUCO CITRUCEL CITRUS CITRUS'S CITY CITYFED CITYTRUST CIUDAD CIVET CIVIC CIVICS CIVIL CIVILIAN CIVILIANS CIVILITY CIZEK CIZIK CIZNEROS CLABIR CLABO CLAD CLAFLIN CLAM CLAMEN CLAMP CLAMPS CLAMS CLAN CLANCY CLANIN CLANK CLANS CLANTON CLAP CLAPMAN CLAPS CLAPTON CLAR CLARA CLARAN CLARCOR CLARDY CLAREN CLARENDON CLARESTA CLARIBEL CLARIDA CLARIDON CLARIFY CLARIMOND CLARINET CLARINETIST CLARINETISTS CLARINS CLARION CLARIS CLARITA CLARITIN CLARITY CLARK CLARKEN CLARKIN CLARKS CLARKSON CLARKSTON CLARO CLAROSTAT CLARY CLASBY CLASEN CLASON CLASP CLASSICISM CLAVICLE CLAVIN CLEF CLEFT CLELAND CLEM CLEMANS CLEMATIS CLEMEN CLEMENCY CLEMENS CLEMENSEN CLEMENSON CLEMENT CLEMENTE CLEMENTES CLEMENTI CLEMENTS CLEMENTSON CLEMENTZ CLEMO CLEMONS CLEMSON CLENDENEN CLENDENIN CLEO CLEOPATRA CLERIC CLERICAL CLERICS CLERMONT CLEVA CLEVEN CLIENT CLIENTS CLIF CLIFT CLIFTON CLIM CLIMACO CLIMACTIC CLIMATIC CLIMATOLOGIST CLIMATOLOGISTS CLIMAXED CLINGAN CLINI CLINIC CLINICAL CLINICS CLINK CLINT CLINTON CLINTONOMICS CLINTONS CLIO CLIP CLIPS CLITORIS CLODOVEO CLOG CLOGS CLOGSTON CLONTS CLONTZ CLOPTON CLORINDA CLOS CLOSES CLOSEST CLOSET CLOSETED CLOSETS CLOT CLOTILDA CLOTS CLOVIS CLUB CLUBS CLUCAS CLUGSTON CLUJ CLUM CLUMP CLUMPS CLUMPY CLUMSILY CLUMSY CLUNK CLUNKS CLUNKY CLUNY CO COAGULATE COAGULATING COAGULATION COARTICULATE COARTICULATES COARTICULATING COARTICULATION COAX COAXES COAXUM COB COBALT COBEN COBEPA COBIA COBIAN COBIN COBLE COBLENTZ COBLER COBO COBOL COBOS COBRA COBRAS COBRE COBRIN COBS COBWEB COBWEBS COBY COCA COCANINO COCO COCOM COCONINO COCONUT COCONUTS COCOS COCOZZA COCUZZA COD CODA CODAG CODED CODELCO CODESA CODIFY CODISPOTI CODLIN CODRESCU'S CODY COED COEDS COEN COENEN COEQUAL COEXISTENCE COEXISTING COG COGAN COGECO COGENCY COGENT COGLIANESE COGLIANO COGNAC COGNETICS COGNIZANT COHABIT COHAN COHEA COHERENT COHERENTLY COHIBA COHO COHORT COHORTS COHOST COHOSTS COIA COINCIDED COINCIDENCES COINCIDENT COINCIDENTAL COJIMAR COLA COLAB COLALUCA COLAN COLANGELO COLANTONIO COLANTUONO COLAS COLASANTI COLASURDO COLAVITO COLBORN COLBY COLBYS COLD COLDEN COLDEST COLDLY COLDREN COLDS COLECO COLEN COLESON COLEUS COLGAN COLGIN COLI COLIFORM COLIFORMS COLIN COLINA COLINAS COLINE COLINO COLIS COLISEUM COLLECTIVISM COLM COLMAN COLMENERO COLO COLODNY COLOMA COLOMBARI COLOMBE COLOMBIA COLOMBIAN COLOMBIANS COLOMBO COLON COLONIA COLONIAL COLONIALIST COLONIALISTS COLONIALS COLONIST COLONISTS COLONUS COLONY COLOPY COLORECTAL COLOSI COLOSIMO COLOSIO COLSON COLSTON COLSTRIP COLT COLTEC COLTON COLTRIN COLTS COLUMBA COLUMBIA COLUMBIAN COLUMBIANS COLUMBO COLUMBUS COLUMBUS'S COLUMNIST COLUMNISTS COLUNGA COLVIN COM COMA COMAN COMANDANTE COMANDANTES COMARCO COMAS COMBAT COMBATANT COMBATANTS COMBATS COMBINABILITY COMBINABLE COMBO COMBUST COMBUSTABLE COMBY COMCAST COMDATA COMDEN COMDISCO COMECON COMEDIAN COMEDIANS COMEDIC COMEDY COMEGYS COMERICA COMET COMETARY COMETRA COMETS COMFED COMFY COMIC COMICAL COMICOPIA COMICS COMINCO COMINO COMINS COMINSKY COMITATUS COMITO COMITY COMLY COMMUNAL COMMUNICABLE COMMUNICATED COMMUNION COMMUNISM'S COMMUNIST COMMUNISTS COMMUNITY COMMUTED COMO COMOROS COMP COMPACT COMPACTED COMPACTS COMPANHIA COMPANIA COMPANION COMPANIONS COMPANY COMPAORE COMPAQ COMPARISON COMPARISONS COMPARTMENT COMPARTMENTAL COMPARTMENTS COMPAS COMPATIBILITY COMPATIBLE COMPATIBLES COMPATRIOT COMPATRIOTS COMPEL COMPELS COMPENDIUM COMPENSABLE COMPENSATED COMPENSATORY COMPETED COMPETENCY COMPETENT COMPETENTLY COMPLACENCY COMPLACENT COMPLACENTLY COMPLEMENT COMPLEMENTED COMPLEMENTS COMPLETED COMPLEXITIES COMPLIANT COMPLICATED COMPLICIT COMPLICITY COMPLIMENT COMPLIMENTED COMPLIMENTS COMPLY COMPO COMPONENT COMPONENTS COMPORT COMPORTED COMPORTMENT COMPOSES COMPOST COMPREHEND COMPREHENDED COMPREHENDS COMPREHENSIBILITY COMPREHENSIBLE COMPRINT COMPRISES COMPROMISES COMPSTON COMPTEK COMPTON COMPUADD COMPUCHEM COMPUDYNE COMPUGRAPHIC COMPUTATION COMPUTATIONAL COMPUTATIONS COMPUTE COMPUTER COMPUTERCRAFT COMPUTERLAND COMPUTERS COMPUTES COMPUTING COMPUWARE COMS COMSAT COMUNALE CON CONA CONABLE CONAGRA CONAHAN CONAL CONAN CONANT CONASUPO CONATY CONCA CONCATENATED CONCEDED CONCENTRATED CONCENTRIC CONCEPCION CONCEPT CONCEPTS CONCEPTUAL CONCERTI CONCERTO CONCERTOS CONCILIATORY CONCLUDED CONCOCT CONCOCTED CONCOMITANT CONCOMITANTLY CONCORD CONCUBINAGE CONCUBINE CONCUBINES CONDIMENT CONDIMENTS CONDIT CONDO CONDOLENCES CONDOM CONDOMINIUM CONDOMINIUMS CONDOMS CONDON CONDOS CONDRA CONDREN CONDRON CONDRY CONDUCT CONDUCTED CONDUCTIVITY CONDUCTS CONDUIT CONDUITS CONESTOGA CONFABULATION CONFECT CONFIDANT CONFIDANTS CONFIDED CONFIDENCES CONFIDENT CONFIDENTIALITY CONFIDENTLY CONFINDUSTRIA CONFISCATED CONFISCATORY CONFITERIAS CONFLICT CONFLICTED CONFLICTS CONFLUENT CONFORM CONFORMIST CONFORMISTS CONFORMITY CONFORMS CONFORTI CONFRONT CONFRONTED CONFRONTS CONFUCIAN CONFUCIUS CONFUSE CONFUSED CONFUSING CONFUSINGLY CONFUSION CONFUSIONS CONGA CONGENIAL CONGENIALITY CONGENITAL CONGEST CONGESTED CONGLETON CONGO CONGRATULATED CONGRATULATORY CONGREGANT CONGREGANTS CONGREGATED CONGRESS' CONGRUITY CONIC CONICAL CONICS CONIGLIARO CONIGLIO CONISTON CONJUGAL CONJUGATED CONJUL CONJUNCTIVA CONK CONKEL CONKIN CONKLE CONKLIN CONLAN CONLIN CONLON CONLY CONOCO CONOLY CONQUEST CONQUESTS CONRAC CONRAD CONRADI CONRADS CONRADY CONRAN CONRY CONS CONSALVO CONSCRIPT CONSCRIPTED CONSCRIPTS CONSECO CONSECRATED CONSECUTIVE CONSECUTIVELY CONSENSUAL CONSENSUS CONSENT CONSENTED CONSENTINO CONSENTS CONSEQUENCES CONSEQUENT CONSEQUENTLY CONSERVATISM CONSERVATIVISM CONSIGLIO CONSIS CONSIST CONSISTED CONSISTENCY CONSISTENT CONSISTENTLY CONSISTS CONSOB CONSOL CONSOLABLE CONSOLABLY CONSOLATA CONSOLI CONSOLIDATED CONSOLO CONSONANT CONSONANTAL CONSONANTS CONSORT CONSORTIUM CONSPICUOUS CONSPICUOUSLY CONSPIRACY CONSPIRATORIAL CONSTABLE CONSTABLES CONSTANCY CONSTANT CONSTANTA CONSTANTIN CONSTANTINA CONSTANTINIDES CONSTANTINO CONSTANTINOPLE CONSTANTINOS CONSTANTLY CONSTANTS CONSTAR CONSTIPATED CONSTITUENCY CONSTITUENT CONSTITUENTS CONSTITUTED CONSTRICT CONSTRICTED CONSTRUCT CONSTRUCTED CONSTRUCTS CONSUELA CONSUL CONSULT CONSULTANCY CONSULTANT CONSULTANTS CONSULTED CONSULTS CONSUMABLE CONSUMERISM CONTAC CONTACT CONTACTED CONTACTS CONTADORA CONTAMINANT CONTAMINANTS CONTAMINATED CONTANT CONTEL CONTEMPLATED CONTEMPO CONTEMPT CONTEMPTIBLE CONTEND CONTENDED CONTENDS CONTENT CONTENTED CONTENTEDLY CONTENTMENT CONTENTO CONTENTS CONTEST CONTESTABLE CONTESTANT CONTESTANTS CONTESTED CONTESTS CONTI CONTIBEL CONTIGUOUS CONTINENT CONTINENTAL CONTINENTALS CONTINENTS CONTINGENCY CONTINGENT CONTINGENTS CONTINI CONTINO CONTINUALLY CONTINUANCE CONTINUATION CONTINUE CONTINUED CONTINUES CONTINUING CONTINUITY CONTINUOUS CONTINUOUSLY CONTORT CONTORTED CONTORTS CONTOS CONTRA CONTRABAND CONTRACT CONTRACTED CONTRACTS CONTRACTUAL CONTRADICT CONTRADICTED CONTRADICTS CONTRAN CONTRARIAN CONTRARIANS CONTRARY CONTRAS CONTRAST CONTRASTED CONTRASTS CONTRERAS CONTRETEMPS CONTRIBUTE CONTRIBUTES CONTRIBUTING CONTRIBUTION CONTRIBUTIONS CONTRIBUTOR CONTRIBUTORS CONTRIVANCES CONTROL CONTROLADORA CONTROLS CONTURA CONUNDRUM CONUS CONVENIENCES CONVENIENT CONVENIENTLY CONVENT CONVENTS CONVICT CONVICTED CONVICTS CONVINCES CONVIVIAL CONVOLUTED CONVULSANTS COORDINATED COP COPA COPACABANA COPAS COPCO COPELAN COPELCO COPELIN COPEN COPENHAGEN COPETAS COPILOT COPILOTS COPLAN COPLAND COPLIN COPRA COPS COPTIC COPULATE COPUS COPY COPYCAT COPYCATS COPYTELE COR CORA CORACLE CORAL CORALS CORAM CORAZON CORBAN CORBEL CORBET CORBIN CORBIT CORBO CORBU CORBUSIER CORBY CORCAP CORD CORDA CORDED CORDESMAN CORDIANT CORDIS CORDLE CORDOBA CORDOBAS CORDON CORDOVA CORDOVEZ CORDRY CORDS CORDTS CORDY COREA COREL COREN CORESPONDENT CORGI CORIA CORINA CORINTO CORIO CORK CORKEN CORKINS CORKRAN CORKS CORKUM CORKY CORL CORLE CORMAC CORMAN CORMANY CORMEN CORMICAN CORN CORNA CORNCOB CORNCRIB CORNEA CORNEAS CORNEL CORNELIA CORNELIUS CORNELIUSON CORNET CORNFELD CORNHUSK CORNHUSKS CORNIA CORNMAN CORNS CORNUCOPIA CORNY COROLOGIS CORONARY CORONET CORONETS CORP CORPORATISM CORPSES CORPUS CORPUZ CORSET CORSI CORSICA CORSICAN CORSICAS CORSO CORSON CORT CORTEN CORTENS CORTES CORTEZ CORTI CORTICAL CORTIN CORTINAS CORTISOL CORTLAND CORUM CORVA CORVIN CORVINO CORVO CORVUS CORWIN CORY CORZO COS COSA COSATU COSBY COSENS COSENTINO COSENZA COSI COSIC COSIMA COSIO COSMA COSMAN COSMETIC COSMETICS COSMETOLOGY COSMIC COSMO COSMOLOGY COSMOPOLITAN COSMOS COST COSTA COSTANO COSTANTINI COSTANTINO COSTANZA COSTANZO COSTAR COSTARS COSTAS COSTCO COSTED COSTEIRA COSTEN COSTIGAN COSTIN COSTLIEST COSTLY COSTON COSTRA COSTS COSY COT COTA COTIJA COTLER COTMAN COTNOIR COTO COTRET COTRONE COTRONEO COTS COTUGNO COTY COVAL COVALT COVAS COVEL COVEN COVENANT COVENANTS COVENT COVENTRY COVET COVETED COVETS COVIA COVIN COVINA COVINO COVITZ COVY COWEDA COXE COXWELL COZ COZAD COZART COZBY COZINE COZMAN COZY COZZA COZZI COZZOLINO CRAB CRABLE CRABS CRACRAFT CRADIC CRADLE CRADLES CRADLING CRADY CRAFT CRAFTED CRAFTON CRAFTS CRAFTSMAN CRAFTSMEN CRAFTY CRAGIN CRAGLE CRAGO CRAGUN CRAM CRAMBLIT CRAMP CRAMPON CRAMPONS CRAMPS CRAMPTON CRAMS CRAMTON CRANIAL CRANIUM CRANK CRANKS CRANKY CRANS CRANSTON CRAP CRAPO CRAPS CRARY CRASNIANSKI CRATON CRAVEN CRAVENS CRAVIN CRAZIEST CRAZILY CRAZY CREATED CREATIONISM CREATIVITY CREATOLOGIST CREATOLOGISTS CRECELIUS CREDENZA CREDIBILITY CREDIBLE CREDIBLY CREDIT CREDITABLE CREDITABLY CREDITANSTALT CREDITBANK CREDITED CREDITO CREDITS CREDLE CREDO CREDULITY CREF CREGAN CREGO CREHAN CREKO CREMATED CREMATORIA CREMATORIUM CREMIN CRENELATED CREPS CREPT CRESAP CRESCENZI CRESCENZO CRESON CRESPI CRESPIN CRESPO CREST CRESTAR CRESTED CRESTMONT CRESTS CRETIEN CRETIN CREVICES CREVISTON CRIB CRIBARI CRIBS CRIM CRIMEA CRIMI CRIMINAL CRIMINALIST CRIMINALISTICS CRIMINALISTS CRIMINALITY CRIMINALS CRIMINOLOGIST CRIMINOLOGISTS CRIMINOLOGY CRIMP CRIMPS CRIMSON CRINGES CRIP CRIPS CRIS CRISAFI CRISANTI CRISCO CRISCUOLO CRISES CRISIS CRISLER CRISLIP CRISMAN CRISMON CRISOSTOMO CRISP CRISPEN CRISPIN CRISPINA CRISPINO CRISPLY CRISPO CRISPY CRIST CRISTA CRISTABEL CRISTAL CRISTIANI CRISTIANO CRISTINA CRISTO CRISTOBAL CRISTOBEL CRITERIA CRITERION CRITIC CRITICAL CRITICALITY CRITICIZES CRITICS CRITON CRITZ CRIVARO CRIVEN CRO CROAT CROATS CROC CROCE CROCODILIAN CROCUS CROFT CROFTON CROFTS CROGAN CROM CROMPTON CRON CRONAN CRONEN CRONIN CRONK CRONQUIST CRONUS CRONY CROP CROPLAND CROPS CROS CROSBY CROSLAND CROSLIN CROSON CROSTON CROVITZ CROVITZ'S CRUCES CRUCIBLE CRUCIFIXION CRUCIFY CRUD CRUDUP CRUEA CRUEL CRUM CRUMBLE CRUMBLED CRUMBLES CRUMBLING CRUMBY CRUMLY CRUMP CRUMPLE CRUMPLED CRUMPLER CRUMPTON CRUNK CRUNKLETON CRUPI CRUSAN CRUST CRUSTAL CRUSTED CRUSTS CRUSTY CRUZ CRUZ'S CRUZADO CRUZADOS CRUZAN CRUZEN CRY CRYAN CRYBABY CRYOGENIC CRYOGENICS CRYPT CRYPTIC CRYPTO CRYPTOSPORIDIUM CRYPTS CRYSLER CRYSTAL CRYSTALS CUADRA CUADRADO CUAJONE CUB CUBA'S CUBE CUBED CUBES CUBIC'S CUBS CUCO CUCUMBER CUDAHY CUDE CUE CUED CUENCA CUERO CUES CUESTA CUETO CUEVA CUEVAS CUGINI CUIDADO CUING CUISINARTS CUL CULBRO CULKIN CULMINATED CULP CULPA CULPABILITY CULPABLE CULPRIT CULPRITS CULT CULTIC CULTIST CULTISTS CULTIVATED CULTON CULTS CULTURALISM CUM CUMBIA CUMBIAS CUMBO CUMBY CUMPSTON CUMPTON CUNANAN'S CUNARD CUNDARI CUNDY CUNHA CUNT CUOCO CUOMO CUP CUPOLA CUPS CURACAO CURATE CURATIVE CURATOLO CURATOR CURATORS CURBELO CURCI CURCIO CURCURU CURE CURED CURES CURETON CURIALE CURIE CURIEL CURING CURINGTON CURIOSITIES CURIOUS CURIOUSLY CURITIBA CURLE CURTI CURTO CUS CUSACK CUSANO CUSICK CUSIMANO CUSIP CUSK CUSMANO CUSO'S CUSP CUSTIS CUSTODIAL CUSTODIAN CUSTODIANS CUSTODIO CUSTODY CUSTOM CUSTOMARILY CUSTOMARY CUSTOMIZES CUSTOMS CUSUMANO CUT CUTAIA CUTE CUTER CUTESY CUTILLO CUTLIP CUTRONA CUTRONE CUTS CWIK CWIKLA CWIKLINSKI CY CYAN CYANAMID CYB CYBERSEX CYBORG CYBULSKI CYCADS CYCLADES CYCLE CYCLED CYCLES CYCLIC CYCLICAL CYCLICALITY CYCLICALS CYCLING CYCLOHEXANE CYCLOPEAN CYCLOPS CYCLOPS'S CYCLOTRON CYD CYDONIA CYGAN CYGNE CYGNUS CYLINDRICAL CYMBAL CYMBALS CYMROT CYNARA CYNDI CYNIC CYNICAL CYNICS CYNRIC CYNWYD CYPRIAN CYPRIOT CYPRIOTS CYPRIS CYPRUS CYR CYRAN CYRANO CYRENA CYRENIUS CYRIL CYROFIN CYRUS CYST CYSTIC CYSTS CYTOGEN CYTOLOGY CYTOMEGALOVIRUS CYTOPLASMIC CYWINSKI CZAPLICKI D'AMORE D'ANGELO D'S D. D.S DA DA'S DAB DABKOWSKI DABROWSKI DAC DACIA DACOSTA DACRON DACRUZ DACS DACTYL DACUNHA DACUS DACY DAD DADA DADAMO DADFAR DADISMAN DADO DADS DADY DAFNA DAFSA DAFT DAG DAGAN DAGATA 