MICROTUBULE MICROTUBULES MICROWAVABLE MID MIDAMERICA MIDAS MIDCAP MIDCON MIDCONTINENT MIDDLESEX MIDI MIDLAND MIDLANDS MIDLANTIC MIDLEVEL MIDPAC MIDRIB MIDST MIDURA MIDWEST MIFSUD MIG MIGDAL MIGENT MIGLIN MIGLIORE MIGNANO MIGNOGNA MIGNON MIGNONE MIGNONS MIGRA MIGRANT MIGRANTS MIGRATED MIGRATORY MIGS MIHAL MIHALEK MIHALIC MIHALIK MIHALKO MIHALY MIHOK MIJARES MIKA MIKADO MIKAKO MIKAL MIKEL MIKELS MIKELSON MIKESKA MIKIDU MIKITA MIKLAS MIKLES MIKLOS MIKO MIKOL MIKOS MIKRUT MIKULA MIKULAK MIKULEC MIKULIC MIKULSKI MIKUS MIKVA MIL MILACRON MILADIC MILAGRO MILAM MILAN MILANI MILANO MILANOWSKI MILARDO MILAS MILBANK MILBY MILCO MILD MILDEST MILDLY MILDRED MILDRID MILEHAM MILEM MILESKI MILEWSKI MILGRAM MILHAM MILIAN MILICENT MILICI MILITANCY MILITANT MILITANTLY MILITANTS MILITARILY MILITARISM MILITARY MILITO MILIUS MILK MILKEN MILKENS MILKMAN MILKO MILKOWSKI MILKS MILKY MILMAN MILO MILODIC MILONAS MILOS MILOSEVIC MILOSEVIC'S MILOT MILPITAS MILS MILSAP MILSON MILT MILTON MILTONIC MILUM MILZ MIM MIMI MIMIC MIMICRY MIMICS MIMIS MIMOSA MIMS MIN MINA MINAHAN MINAMI MINAMIDE MINARD MINARDOS MINAS MINC MINCES MINCY MIND MINDA MINDED MINDEDLY MINDEL MINDEN MINDFUL MINDLIN MINDS MINDSET MINDSETS MINDY MINEA MINEBEA MINEHAN MINEO MINEOLA MINERA MINERO MINESTRONE MINET MINETA MINGES MINGLE MINGLED MINGLES MINGLING MINGO MINGUN MINGUS MINI MINIBUS MINIBUSES MINICAR MINICARS MINICOMPUTER MINICOMPUTERS MINIDISC MINIHAN MINILAB MINILABS MINIMAL MINIMALIST MINIMIZES MINIMUM MINIMUMS MINION MINIONS MINIS MINISCULE MINISTERIAL MINISTRAL MINISTRY MINIT MINITEL MINIUM MINIVAN MINIVANS MINJARES MINJAREZ MINK MINKEL MINKIN MINKS MINNIX MINO MINOAN MINOLI MINOLTA MINORCA MINORCO MINORITY MINORU MINOSO MINOSOS MINOT MINPECO MINSK MINSKY MINSON MINSTAR MINSTREL MINSTRELS MINT MINTA MINTED MINTO MINTON MINTS MINTZ MINUS MINUSCULE MINUSES MINUTIA MINYARD MION MIOT MIOTKE MIPS MIR MIRA MIRABAL MIRABEL MIRABITO MIRACID MIRACLE MIRACLES MIRAD MIRADA MIRAGLIA MIRAK MIRAMAR MIRAMONTES MIRANDO MIRATEC MIRELES MIRELEZ MIRENDA MIRIAM MIRO MIRON MIRONENKO MIROSLAV MIRSAD MIRTO MIS MISA MISAWA MISCALCULATE MISCALCULATES MISCALCULATION MISCALCULATIONS MISCAST MISCAYUNA MISCONDUCT MISCREANT MISCREANTS MISCUE MISCUES MISDIAGNOSES MISDIAGNOSIS MISDIRECT MISDIRECTED MISEK MISES MISFIT MISFITS MISHANDLE MISHANDLED MISHANDLES MISHAP MISHAPS MISIAK MISIDENTIFY MISINFORM MISINFORMS MISKA MISKITO MISKITOS MISKO MISLABEL MISLABELS MISLED MISMANAGES MISOGYNIST MISOGYNISTS MISOGYNY MISPLACES MISPRICES MISPRINT MISPRINTED MISPRINTS MISQUOTED MISRECOGNIZES MISREPORT MISREPORTED MISREPRESENT MISREPRESENTED MISREPRESENTS MISSPEND MISSPENT MISSPOKEN MISSTATED MISSTEP MISSTEPS MIST MISTAKEN MISTAKENLY MISTERO MISTIC MISTRAL MISTRIAL MISTRIALS MISTRUST MISTRUSTED MISTRUSTFUL MISTRUSTS MISTRY MISTS MISTY MISURACA MISUSE MISUSED MISUSING MITA MITAMURA MITEK MITEL MITI MITIGATED MITMAN MITOFSKY MITOTIC MITRA MITRAL MITRANO MITRE MITRO MITSOTAKIS MITSUBA MITSUI MITSURU MITYUNOV MITZEL MITZI MIURA MIXED MIXER MIXERS MIXING MIXNER MIXSON MIXTE MIXTER MIYAHARA MIYAKE MIYAMOTO MIYASAKI MIYASATO MIYAZAKI MIYAZAWA MIZAR MIZEL MIZEN MIZRAHI MIZUNO MLADENIC MLADIC MLADIC'S MLOTOK MO MOAB MOB MOBIL MOBILIA MOBILITY MOBIUS MOBS MOBUTU MOBY MOCA MOCARSKI MOCERI MOD MODAL MODALITY MODED MODEL MODELO MODELS MODEM MODEMS MODEN MODENA MODERNISM MODEST MODESTA MODESTIA MODESTINE MODESTLY MODESTO MODESTY MODI MODIC MODICA MODICUM MODIFY MODIGLIANI MODILIANI MODLIN MODRAK MODUGNO MODULATE MODUS MODY MOET MOF MOGA MOGAN MOGAVARO MOGAVERO MOGAYON MOGEL MOGENSEN MOGLE MOGLIA MOGOPA MOGUL MOGULS MOHAMAD MOHAMADI MOHAMED MOHAN MOHASCO MOHICAN MOHICANS MOHIT MOHON MOI MOJAVE MOJICA MOJO MOK MOKA MOKRY MOL MOLA MOLAND MOLANO MOLD MOLDABLE MOLDAVIA MOLDAVIAN MOLDED MOLDEN MOLDOVA MOLDOVAN MOLDS MOLDY MOLECULAR MOLECULE MOLECULES MOLEN MOLENDA MOLESKI MOLESKY MOLEST MOLESTED MOLESTS MOLIN MOLINA MOLINARI MOLINARO MOLINO MOLONY MOLOTOV MOLPUS MOLPUS'S MOLSON MOLSTAD MOLT MOLTEN MOLTON MOLTZ MOLY MOLYBDENUM MOM MOMA MOMAN MOMBASA MOMENT MOMENTARILY MOMENTARY MOMENTS MOMENTUM MOMIGLIANO MOMOKAWA MOMS MON MONA MONACO MONAD MONAHAN MONASTERY MONASTIC MONATOMIC MONCA MONCADA MONCURE MONCUS MONDA MONDADORI MONDAVI MONDEO MONDO MONDRAGON MONDRIAN MONDRY MONDS MONDY MONETARISM MONETARY MONFILS MONFORTE MONGAN MONGOL MONGOLD MONGOLIA MONGOLIAN MONGOLS MONGOSUTU MONICA MONICAL MONICO MONIGOLD MONIT MONIZ MONK MONKS MONO MONOCARPIC MONOCLE MONOCLINIC MONOCLONAL MONOGAMY MONOGRAM MONOLINGUAL MONONGAHELA MONOPOLIST MONOPOLISTIC MONOPOLIZES MONOPOLY MONOTHEISM MONOTONY MONOVALENT MONOXIDE MONRO MONROVIA MONSANTO MONSEN MONSKY MONSOD MONSON MONSTROSITY MONT MONTAG MONTAGNA MONTAGNINO MONTAGU'S MONTAGUE MONTALBAN MONTALBANO MONTALBO MONTALTO MONTALVO MONTANA MONTANAN MONTANANS MONTANARI MONTANARO MONTAND MONTANEZ MONTANO MONTANTE MONTANYE MONTAVON MONTAZERI MONTBLANC MONTE MONTECALVO MONTEDISON MONTEFIORE MONTEFORTE MONTEFUSCO MONTEGO MONTEL MONTELEONE MONTELONGO MONTEMARANO MONTENEGRAN MONTENEGRO MONTERO MONTES MONTESANO MONTESDEOCA MONTESI MONTESINO MONTEVERDE MONTEVIDEO MONTEZ MONTEZUMA MONTFORD MONTGORIS MONTI MONTIEL MONTIEN MONTIJO MONTINI MONTMINY MONTONE MONTREAL MONTS MONTUORI MONTY MONTZ MONUMENTALLY MONUS MONY MONZINGO MONZO MONZON MOP MOPEDS MOPS MOPUS MOQUIN MOR MORA MORABITO MORACE MORAD MORADO MORAGA MORAHAN MORAL MORALEZ MORALIST MORALISTIC MORALISTS MORALS MORAND MORANDAN MORANDI MORANDO MORANO MORANT MORANTE MORATORIA MORATORIUM MORATORIUMS MORAVEK MORBID MORBIDITY MORBIDLY MORBY MORCOM MORD MORDANT MORDEN MOREA MOREHART MOREJON MOREN MORENA MORENCY MORENO MORERA MORES MORESCO MORESO MORET MORETON MORETZ MORFIN MORGA MORGADO MORGAN MORGANA MORGANS MORGANTE MORGANTI MORGART MORGEN MORGUN MORI MORIA MORIAL MORIARITY MORIARTY MORIBUND MORIC MORICI MORIHIRO MORIKAWA MORIMOTO MORIN MORINE MORINI MORINO MORIOKA MORIS MORISON MORITA MORITZ MORJERA MORK MORKEN MORLAN MORLAND MORMAN MORMINO MORMON MORMONISM MORMONS MORN MORNA MORO MORON MORONES MOROS MOROSKY MOROVCIC MOROZ MORSEL MORSELS MORSON MORT MORTAL MORTALITY MORTALS MORTARA MORTEKI MORTEM MORTEMS MORTEN MORTENSEN MORTENSON MORTIFY MORTIS MORTLAND MORTON MORTUARY MORTY MORUHIRO MORVANT MORVEN MORY MOS MOSAIC MOSAICAL MOSAICS MOSBY MOSCA MOSCATO MOSCO MOSCOM MOSCOSO MOSCOWITZ MOSEL MOSES MOSIMAN MOSK MOSKAL MOSKO MOSKOLENKO MOSKOVITZ MOSKOWITZ MOSKWA MOSLE MOSLEM MOSLEMS MOSLER MOSMAN MOSQUEDA MOSQUERA MOST MOSTAR MOSTEK MOSTLY MOSTROM MOSTYN MOSUL MOSUR MOTA MOTEL MOTELS MOTEN MOTI MOTIF MOTIFS MOTILITY MOTIVATED MOTO MOTOLA MOTON MOTONORI MOTORCYCLIST MOTORCYCLISTS MOTRIN MOTS MOTTL MOTYKA MOTYL MOTZ MOTZKO MOUEIX MOULINEX MOVABLE MOVIDA MOXIE MOXLEY MOZAMBICAN MOZAMBICANS MOZART MOZARTEAN MOZENA MOZINGO MRAZ MRAZEK MRAZIK MROTEK MROZ MROZEK MROZINSKI MRUK MS. MSSRS MU MUAVENET MUBARAK MUCOUS MUD MUDRA MUDRY MUDS MUDWAGON MUETZEL MUG MUGABE MUGAR MUGAVERO MUGS MUGU MUHABARA MUHAMED MUI MUIR MUJAHADEEN MUJZEL MUKAI MUKASEY MUKLUK MULANAPHY MULCAHY MULCT MULE MULES MULHEREN MULKINS MULLENAX MULLENIX MULLINAX MULLINIX MULRY MULTI MULTIBANK MULTICULTURALISM MULTIFACET MULTIFACETED MULTIFAMILY MULTILATERALISM MULTILEVEL MULTIMARKET MULTIMEDIA MULTIPART MULTIPARTY MULTIPLE MULTIPLES MULTIPLEXER MULTIPLEXERS MULTIPLICITY MULTIPLY MULTISTORY MULTITASK MULTITUDES MULTIUSER MULTIVITAMIN MULVANY MUM MUMBLE MUMBLED MUMBLES MUMBLING MUMBO MUMBY MUMPS MUMS MUN MUNAFO MUNCY MUND MUNDEN MUNDI MUNDIS MUNDO MUNDORF MUNDY MUNGIN MUNGLE MUNGO MUNGUIA MUNICH MUNICIPALITIES MUNICIPALLY MUNIER MUNITION MUNITIONS MUNK MUNNI MUNOS MUNRO MUNS MUNSON MUNT MUNTZ MUNYAN MUNYON MUNZ MUOIO MUOLO MURA MURAKAMI MURAMATSU MURAMOTO MURANAGA MURANO MURAOKA MURATA MURATORE MURGUIA MURI MURIHURO MURINE MURO MUSALO MUSANTE MUSCAT MUSCATO MUSCO MUSCULAR MUSE MUSED MUSEE MUSEUM'S MUSHA MUSIC'S MUSICA'S MUSICH MUSICIAN MUSICIANS MUSICK MUSIDORA MUSIL MUSING MUSINGS MUSK MUSKA MUSKEGON MUSKET MUSKMELON MUSKOPF MUSKRAT MUSKRATS MUSKY MUSLIM MUSLIMS MUSLIN MUSMAN MUSOLINO MUST MUSTAFA MUSTIN MUSTO MUSTON MUSTY MUSUMECI MUTATE MUTATING MUTATION MUTATIONS MUTE MUTERT MUTES MUTI MUTILATE MUTILATING MUTILATION MUTILATIONS MUTINEER MUTINEERS MUTING MUTINIED MUTINIES MUTINOUS MUTLANGEN MUTUAL'S MUTUALLY MUTZ MUTZICH MUTZMAN MWANZA MY MYANMAR MYCOGEN MYCOLOGY MYELIN MYHAND MYKLEBUST MYLA MYLAN MYLAR MYLOD MYNA MYOCARDIAL MYOCARDIUM MYOJIN MYOPIA MYOPIC MYOSIN MYRA MYREN MYREON MYRIAD MYRIAM MYRON MYRTIS MYSELF MYSLINSKI MYSTERIUM MYSTIC MYSTICAL MYSTICS MYSTIFY N'S N-TUPLE N. N.S NA NAB NABI NABISCO NABLUS NABOB NABOBS NABOKOV NABOZNY NACIONAL NACLERIO NACOBRE NAD NADA NADAL NADEL NADIA NADJA NADLER NADOLNY NADOLSKI NAFCO NAFTA NAFTALIS NAG NAGAI NAGANO NAGAO NAGASAKI NAGATA NAGEL NAGENGAST NAGI NAGIN NAGLE NAGORNO NAGORSKI NAGS NAGY NAGYMAROS NAHAS NAHUM NAIM NAIVETE NAJAR NAJARIAN NAJERA NAJIB NAKAGAWA NAKAHARA NAKAI NAKAJIMA NAKAMA NAKAMOTO NAKAMURA NAKANO NAKAO NAKASONE NAKATA NAKATANI NAKAYAMA NAKED NALBANDIAN NALCAP NALCO NALDO NALEPA NAM NAMARA NAMBI NAMBLA NAMIBIA NAMIBIAN NAMIS NAN NANA NANCY NANDI NANDITA NANDO NANDONET NANEZ NANGAKU NANGLE NANIA NANO NANOBABY NANOGRAM NANOGRAMS NANOS NANOSECOND NANOSECONDS NANTZ NAOKI NAOMA NAOMI NAP NAPA NAPCO NAPEA NAPKIN NAPKINS NAPLES NAPOLEON NAPOLEONIC NAPOLETANO NAPOLI NAPOLITAN NAPOLITANO NAPORA NAPROSYN NAPS NAQUIN NAQVI NARA NARAL NARANJA NARANJO NARASIMHA NARASIMHAN NARAYAN NARAZAKI NARC NARCISO NARCISSISM NARCO NARCOLEPSY NARCOS NARCOTIC NARCOTICS NARD NARDA NARDI NARDINI NARDO NARDONE NARDOZZI NARITA NARJES NARLIKAR NARLY NARO NARON NARS NARUHITO NARVAEZ NARVESON NARY NASA NASAL NASBY NASCA NASCAR NASCO NASDAQ NASIONAL NASLUND NASO NASON NASONS NASR NAST NASTA NASTASI NASTIEST NASTY NAT NATA NATAL NATALA NATALE NATALI NATALIA NATAN NATIONALISM NATIVIDAD NATIVIST NATIVITY NATO NATOLI NATOMAS NATS NATSIOS NATUNA NATURALISM NATWEST NATZKE NAUTA NAV NAVA NAVAJO NAVAJOS NAVAL NAVAR NAVAS NAVCOM NAVEL NAVIGABLE NAVIGATED NAVIN NAVIS NAVISTAR NAVLAB NAVRATILOVA NAVSTAR NAVY NAZAR NAZARBAYEV NAZARIAN NAZARIO NAZI'S NAZIS' NAZZARO NDAU NE NEAPOLITAN NEBEL NEBRASKA NEBRASKAN NEBRASKANS NEBULIZER NEBULOUS NEC NECO NECROLOGIST NECROLOGISTS NECROLOGY NECROMANCY NECROPOLIS NECROSIS NED NEDA NEDEL NEDVED NEFT NEFTEGORSK NEG NEGARA NEGATED NEGATIVITY NEGATRON NEGATRONS NEGENT NEGEV NEGLECT NEGLECTED NEGLECTFUL NEGLECTS NEGLIA NEGLIGENT NEGLIGENTLY NEGLIGIBLE NEGOTIATED NEGRI NEGRIN NEGRO NEGRON NEGRONI NEGROPALPUS NEGROS NEGS NEGU NEGUS NEIDL NEJAMATIN NEKIA NEKTON NEL NELA NELDA NELIA NELINA NELITA NELMS NELOMS NELON NELS NELSEN NELSON NEMEAN NEMEC NEMECEK NEMESIS NEMETZ NEMITZ NEMO NEMOS NENET NENI NEO NEOLA NEOMA NEON NEONATAL NEONS NEOPLATONIC NEOPLATONIST NEOPOLIS NEOPOSITIVIST NEOTENIC NEOTENY NEPA NEPAL NEPALI NEPONSET NEPTUNIUM NERI NERIO NERO NERUDA NES NESBIT NESBY NESI NESLER NEST NESTA NESTEA NESTED NESTORIAN NESTS NET NETAN NETANYAHU NETCOM NETO NETS NETZ NETZEL NEUTRALISM NEVA NEVADA NEVADAN NEVADANS NEVALA NEVAREZ NEVEL NEVELS NEVIL NEVILS NEVIN NEVINS NEVIS NEVIUS NEXT'S NEXTEL'S NEZ NG NI NIACIN NIAD NIAL NIB NIBS NIC NICANDROS NICASTRO NICEN NICEST NICETY NICO NICODEMO NICOL NICOLA NICOLAI NICOLAS NICOLET NICOLI NICOLIN NICOLINA NICOLINE NICOLINI NICOLO NICOLOSI NICOLS NICOLSON NICOR NICOSIA NICOSKI NICOSON NICOTERA NICOTRA NIDA NIDAL NIEVES NIFTY NIGEL NIGERIA NIGERIAN NIGERIANS NIGRIS NIGRO NIHART NIHILISM NIHON NIK NIKE NIKI NIKITA NIKO NIKOLA NIKOLIC NIKON NIKOVSKI NIL NILA NILAN NILAND NILGES NILS NILSEN NILSON NIMBLE NIMBLY NIMBUS NIMBY NIMITZ NIMROD NIMRODI NIMS NIMTZ NINA NINAD NINAGAWA NINJA NINJAS NINO NINON NINOS NINSU NINTENDO NIOBIUM NIP NIPON NIPS NIPSCO NIR NIRIKO NIRO NIRVANA NIRVANAS NISBET NISKANEN NIST NIT NITA NITKA NITO NITRIC NITRO NITROGEN NITSA NITZ NITZA NITZE NITZEL NIVEN NIVENS NIVISON NIXDORF'S NIXED NIXIE NIXON'S NIZAR NIZIOLEK NIZNIK NKOHSE NO NOA NOBEC NOBEL NOBELIUM NOBILITY NOBIS NOBLE NOBLEMAN NOBLES NOBLEST NOBLET NOBLEWOMAN NOBLIN NOBLY NOBODY NOBORU NOBREGA NOBRIGA NOBUAKI NOBUO NOBUTO NOBUYUKI NOCERA NOD NODA NODINE NODS NOEL NOGA NOGALES NOGAWA NOGLE NOKIA NOKYO NOLA NOLAN NOLANA NOLAND NOLANDA NOLASCO NOLD NOLDEN NOLEN NOLET NOLETA NOLF NOLIN NOLITA NOLO NOLT NOM NOMAD NOMADIC NOMADS NOMENCLATORIAL NOMENKLATURA NOMI NOMINAL NOMINATED NOMO NOMURA NON NONA NONACADEMIC NONALCOHOLIC NONBANK NONCOMBATANT NONCOMBATANTS NONCOMMUNIST NONCOMMUNISTS NONCONFORMIST NONCONFORMISTS NONCONFORMITY NONCONTRACT NONCRIMINAL NONDEDUCTIBLE NONDESCRIPT NONDISCRIMINATORY NONDURABLE NONDURABLES NONECONOMIC NONELECTRICAL NONENTITY NONEVENT NONEXCLUSIVE NONFARM NONFAT NONFATAL NONJET NONJETS NONMILITARY NONPACIFIST NONPACIFISTS NONPARTISAN NONPOLITICAL NONPROFIT NONPROFITS NONPUBLIC NONREFUNDABLE NONRESIDENT NONRESIDENTS NONRESTRICTED NONROMAN NONSECTARIAN NONSENSICAL NONSPECIFIC NONSTOP NONSTOPS NONSTRATEGIC NONUNIONIZED NONVIOLENT NONWOVEN NONWOVENS NOR NORA NORAMCO NORANDA NORBA NORBERTA NORBURY NORBY NORCEN NORCO NORD NORDAN NORDBANKEN NORDBY NORDEN NORDGREN NORDIC NORDICA NORDIN NORDINE NORDIO NORDISK NORDLING NORDLUND NORDMAN NORDQUIST NORDSON NORDSTROM NORDSTROMS NORECO NOREM NOREN NORENCO NORENKO NORGREN NORIEGA NORIEGAS NORILSK NORIMATSU NORINKO NORITA NORK NORKUS NORLAND NORLIN NORM NORMA NORMAL NORMALCY NORMALITY NORMALIZES NORMAN NORMAND NORMANDIN NORMANDY NORMENT NORMS NORMY NORNA NORODOM NORPLANT NORQUIST NORSK NORSKE NORSTAN NORSTAR NORSTROM NORTEK NORTEL NORTON NORVEL NORVIL NORVIN NORWEB NORWEST NORWIN NORWITZ NORWYN NOSAL NOSEK NOSES NOSKA NOSTALGIC NOSTRA NOSTRADAMUS NOSTRAND NOSTRIL NOSTRILS NOSTRUMS NOSY NOT NOTABLE NOTABLES NOTABLY NOTARO NOTED NOTESTINE NOTICES NOTIFY NOTIS NOTO NOTRE NOTS NOTZ NOV NOVA NOVACEK NOVACOR NOVAK NOVAKOWSKI NOVAS NOVATO NOVEL NOVELIST NOVELISTIC NOVELISTS NOVELS NOVELTY NOVI NOVIA NOVICES NOVITSKI NOVITSKY NOVO NOVOA NOVOGROD NOVOSAD NOVOSEL NOVOSIBIRSK NOVOSTI NOVOTEL NOVOTELS NOVOTNY NOVUM NOVY NOWACKI NOWAK NOWICKI NOXELL NOXSO NTH NU NUALA NUANCES NUB NUCLEI NUCLEIC NUCLEOLI NUCLEONIC NUCLEONICS NUCLEUS NUCOR NUCORP NUDELMAN NUDIST NUDITY NUDO NUEVO NUGAN NUGENT NUJOMA NUKEM NULAND NULTON NULTY NUMAC NUMED NUMERIC NUMERICA NUMERICAL NUMIA NUMIDIA NUMISMATIC NUMISMATICS NUMISMATIST NUMISMATISTS NUN NUNAN NUNCIO NUNEZ NUNO NUNS NUNZIATA NUNZIATO NUNZIO NUOVA NUOVO NUPENG NUR NURMI NUSEN NUT NUTE NUTLETS NUTMEG NUTRI NUTRIA NUTRIENT NUTRIENTS NUTS NUXOLL NUZUM NUZZI NYBORG NYCOR NYCUM NYDAM NYDIA NYET NYGREN NYHAN NYHOLM NYHUS NYINA NYLAND NYLEN NYLON NYLONS NYLUND NYMAN NYQUIST NYSTROM O OAHU OASES OASIS OAXACA OBA OBAMA OBANDO OBANION OBAR OBARA OBEDIENT OBEDIENTLY OBELIA OBESITY OBISPO OBIT OBITS OBITUARY OBJECT OBJECTED OBJECTIVITY OBJECTS OBLAK OBLAST OBLIGATED OBLIGATORY OBLIGES OBLIVION OBOIST OBON OBREGON OBREMSKI OBREMSKY OBRIAN OBRIANT OBRIEN OBRINSKY OBRYAN OBRYANT OBSCURE OBSCURED OBSCURES OBSCURING OBSIDIAN OBST OBSTACLE OBSTACLES OBSTETRIC OBSTETRICAL OBSTETRICS OBSTFELD OBSTINACY OBSTRUCT OBSTRUCTED OBSTRUCTIONISM OBSTRUCTS OBVIATED OCAIN OCALA OCAMPO OCANA OCANAS OCASIO OCCIDENT OCCIDENTAL OCCIPITAL OCCUPANCY OCCUPANT OCCUPANTS OCCUPY OCEANA OCEANIA OCEANIC OCELOT OCON OCT OCTAGON OCTAGONAL OCTAHEDRAL OCTAHEDRON OCTAVIA OCTAVIO OCTAVIUS OCTAVUS OCTEL OCTET OCTIAL OCTOGENARIAN OCTOPI OCTOPUS OCTUPLET OCTUPLETS ODA ODEA ODED ODELE ODELET ODELIA ODELINDA ODEM ODEN ODEON ODETICS ODILIA ODIN ODIORNE ODLAND ODLE ODOLF ODOM ODOMS ODONALD ODONOHUE ODONOVAN ODUM OEST OF OFELIA OFILIA OFT OFTEL OG OGAN OGARA OGATA OGAWA OGDEN OGILVY OGLALA OGLE OGLED OGLES OGLESBY OGNIBENE OGONI OGONYOK OGORMAN OGRADY OGREN OGUIN OHAGAN OHANIAN OHANLON OHARA OHIO OHIOAN OHIOANS OJA OJALA OJEDA OJI OJIBWA OKA OKABE OKADA OKAMOTO OKAMURA OKANO OKASAKI OKASAN OKAZ OKAZAKI OKDO OKESON OKI OKIMOTO OKIN OKINAWA OKINAWANS OKLAHOMA OKLAHOMAN OKLAHOMANS OKON OKONIEWSKI OKONSKI OKPO OKRA OKSANA OKUBO OKUDA OKUMURA OKUN OKURA OKWU OLA OLAF OLAFSON OLAND OLANO OLASKY OLD OLDANI OLDEN OLDENKAMP OLDEST OLDMAN OLDS OLDSMAR OLEA OLEANDRIN OLEFIN OLEFINS OLEG OLEKSIAK OLEKSY OLEN OLENIK OLEO OLESEN OLESKE OLESKY OLESON OLESTRA OLEXSON OLGA OLIGOPOLISTIC OLIGOPOLY OLIN OLINDA OLIVA OLIVARES OLIVAREZ OLIVAS OLIVERA OLIVERAS OLIVERI OLIVERIA OLIVERIO OLIVERO OLIVEROS OLIVETO OLIVIA OLIVO OLIWA OLKOWSKI OLMEDA OLMEDO OLMO OLMOS OLOF OLOFSON OLOVO OLSDAT OLSEN OLSON OLSTAD OLSTEN OLT OLTMAN OLUND OLVA OLVERA OLYMPIA OLYMPIAD OLYMPIAN OLYMPIANS OLYMPIAS OLYMPIC OLYMPICS OLYMPUS OMA OMAHA OMAHONY OMAN OMANI OMANS OMAR OMARA OMARSKA OMARY OMBUDSMAN OMEGA OMELIA OMEN OMENS OMIT OMITS OMNI OMNIBANK OMNIBUS OMNIBUSES OMNICOM OMNIPOTENT OMNIPRESENT OMOHUNDRO OMONIA OMORI OMRON ON ONA ONAN ONAWA ONCALE ONCE ONCOGEN ONCOGENES ONCOLOGIST ONCOLOGISTS ONCOLOGY ONCOR ONDO ONDRACEK ONE ONEOK ONES ONESELF ONION ONIONS ONKEN ONLY ONO ONODA ONOFRE ONOFRIO ONOMASTIC ONOMASTICS ONONDAGA ONORATO ONS ONSET ONSTAD ONTARIO ONTIVEROS ONTKO ONTO ONTOGENY ONTOLOGICAL ONTOLOGY ONUS OP OPACITY OPAL OPALINA OPALKA OPCOM OPEC OPEL OPEN OPENLY OPENS OPIC OPINION OPINIONATED OPINIONS OPITZ OPIUM OPLAND OPLE OPRY OPRYLAND OPS OPSAL OPT OPTED OPTEK OPTIC OPTICA OPTICAL OPTICS OPTIMA OPTIMAL OPTIMIST OPTIMISTIC OPTIMISTS OPTIMUM OPTO OPTOMETRIC OPTOMETRIST OPTOMETRISTS OPTOMETRY OPTS OPTUS OPULENCE OPUS OQUENDO OQUIN OR ORA ORABEL ORACLE ORACLES ORAL ORALIA ORAM ORAN ORAND ORANGES ORANGINA ORATORICAL ORATORIO ORATORY ORAVEC ORAVETZ ORB ORBAN ORBANCO ORBEN ORBIN ORBIS ORBIT ORBITAL ORBITED ORBITS ORCA ORCAS ORCT ORD ORDAZ ORDINANCES ORDINARILY ORDINARY ORDONEZ OREGAN OREGANO OREGON OREGONIAN OREGONIANS OREL ORELA ORELIA ORELON OREM OREN ORENDA ORENS OREO ORESTES ORF ORG ORGAN ORGANIC ORGANICS ORGANISM'S ORGANISMIC ORGANIST ORGANIZES ORGANOGENESIS ORGANS ORGANUM ORGEL ORGY ORI ORIANA ORIENT ORIENTAL ORIENTALS ORIENTATED ORIENTED ORIFICES ORIGIN ORIGINS ORIN ORINOCO ORIOLA ORION ORITZ ORKEM ORKIN ORKS ORKY ORLA ORLAN ORLAND ORLANDA ORLANDI ORLANDO ORLEAN ORLEANIAN ORLEANIANS ORLEANS ORLENA ORLOSKI ORLOSKY ORLOWSKI ORLY ORMAN ORMAND ORMISTON ORMOND ORMSBY ORN ORNA ORNAMENT ORNAMENTAL ORNAMENTED ORNAMENTS ORNDA ORNELAS ORO OROGENIC OROGIL ORONA OROPEZA OROS OROSCO OROZCO ORPIMENT ORSA ORSAK ORSI ORSINI ORSINO ORSO ORSOLA ORSON ORT ORTA ORTEGA ORTEGAS ORTEGO ORTEGON ORTEN ORTENZIO ORTEZ ORTHODOX ORTHODOXY ORTIS ORTIZ ORTMAN ORTOLANO ORTOMISIO ORTON ORTWIN ORUM ORVA ORVAL ORVIN ORVIS ORWIG ORY ORZEL OS OSAGES OSAKA OSAKE OSAKI OSAMA OSAMU OSBON OSBORN OSBUN OSBY OSCALUS OSCARSON OSCEOLA OSCO OSIECKI OSIKA OSINSKI OSLAND OSLIN OSLO OSLUND OSMAN OSMENA OSMENT OSMER OSMIUM OSMON OSMOND OSMONDS OSMOSIS OSMOTIC OSMUN OSMUND OSMUNDSON OSORIO OSOWSKI OSPINA OSRIC OST OSTANKINO OSTBY OSTENDORF OSTENSIBLE OSTENSIBLY OSTENSON OSTIA OSTIN OSTINATO OSTLUND OSTMAN OSTPOLITIK OSTRAND OSTREM OSTROM OSTROSKI OSTROSKY OSTROWSKI OSTRUM OSTWALD OSUNA OSWALD OSWALT OSWEGO OT OTA OTANI OTERI OTERO OTIS OTMAR OTOLOGY OTOMOBIL OTREMBA OTSEGO OTSUKA OTULSKY OURADA OUTFOX OUTFOXES OVA OVAL OVARIAN OVEN OVENS OVEREXPOSES OVEREXTEND OVEREXTENDED OVEREXTENDS OVEROPTIMISM OVERPOPULATED OVERREGULATED OVERTAX OVERUSES OVESON OVIEDO OVITZ OVITZ'S OVONIC OVULATION OVULATIONS OVULE OVULES OVUM OXALATES OXBOW OXENDINE OXFAM'S OXFORD OXFORDS OXIDATION OXIDE OXIDES OXIDIZE OXIDIZED OXIDIZER OXIDIZING OXIDYNE OXLEY OXNARD OXNER OXYGENATE OYAMA OZ OZAKI OZAL OZARK OZARKS OZAWA OZBUN OZGA OZIMEK OZMENT OZMET OZMUN OZOLINS OZOLS OZORA OZUNA P'S P. P.M. P.S PA PABLO PABLUM PABON PABST PAC PACA PACES PACI PACIFIC PACIFICA PACIFICO PACIFICORP PACIFIST PACIFISTS PACIFY PACINI PACINO PACMAN PACO PACS PACT PACTEL PACTO PACTS PACYNA PAD PADEN PADOVANO PADRE PADRES PADRO PADRON PADS PADUANO PADULA PAEZ PAGAN PAGANI PAGANINI PAGANO PAGEL PAGELS PAGENKOPF PAGES PAGET PAGEZY PAGLIA PAGLIARO PAGLIUCA PAGNI PAGODA PAGODAS PAI PAJAMA PAJAMAS PAJOLI PAK PAKEHA PAKISTAN PAKISTANI PAKISTANIAN PAKISTANIS PAKULA PAKULSKI PAL PALACES PALACIO PALACIOS PALADIN PALADINO PALANSKY PALARDY PALATABILITY PALATABLE PALAZINA PALAZZI PALAZZOLA PALAZZOLO PALCA PALCO PALDON PALECEK PALEN PALEO PALEOBOTANY PALEONTOLOGIST PALEONTOLOGISTS PALEONTOLOGY PALEOZOIC PALERMO PALESE PALEST PALESTINIAN PALESTINIANS PALIMONY PALIN PALINKAS PALKA PALKAR PALKO PALKOVIC PALMA PALMERI PALMERINO PALMERO PALMGREN PALMIERI PALMINTERI PALMIRA PALMISANO PALMITIC PALMQUIST PALMSTIERNA PALO PALOMA PALOMAR PALOMARES PALOMBA PALOMBI PALOMBO PALOMETA PALOMINO PALOMITA PALOMO PALONIUS PALOS PALPABLE PALPABLY PALPITATED PALS PALSY PALTON PALTRY PALTZ PALUMBO PALUZZI PAM PAMBY PAMELA PAMELINA PAMPAS PAMPEL PAMPLIN PAMPLONA PAN PANACEA PANACO PANAGOS PANAM PANAMA PANAMANIAN PANAMANIANS PANAMSAT PANARO PANAS PANASONIC PANCANADIAN PANCONTINENTAL PANCREAS PANCREATIC PANDA PANDANUS PANDAS PANDEMIC PANDEMONIUM PANDIT PANDO PANDOLFI PANDOLFO PANDORA PANDY PANDYA PANEBIANCO PANEK PANEL PANELIST PANELISTS PANELS PANEM PANEPINTO PANFIDA PANFIL PANFUL PANFULS PANGELS PANGLE PANHANDLE PANIC PANICO PANICS PANIK PANINI PANKO PANKONIN PANKRATZ PANKY PANMUNJOM PANOPLY PANOPOLYS PANORA PANOS PANOZ PANS PANSY PANT PANTALEO PANTANO PANTED PANTEL PANTLE PANTOJA PANTON PANTRY PANTS PANTUSO PANTY PANZA PANZHIHUA PANZICA PAOLINI PAOLINO PAP PAPA PAPACY PAPADAKIS PAPAGO PAPAL PAPALE PAPALEO PAPALIA PAPANDREA PAPANIA PAPAS PAPAZIAN PAPERAZZI PAPIN PAPINI PAPO PAPON PAPRIKA PAPSON PAQUIN PAR PARA PARABLE PARABLES PARABOLIC PARADOR PARAGON PARALEGAL PARALEGALS PARALLAX PARALLELISM PARALYMPIC PARALYTIC PARALYZES PARAMAGNETIC PARAMECIUM PARAMEDIC PARAMEDICS PARAMETRIC PARAMILITARY PARAMONOVA PARANORMAL PARAPET PARAPLEGIA PARAPLEGIC PARASITIC PARAZOA PARC PARCEL PARCELS PARDEN PARDI PARDINI PARDO PARDON PARDONS PARDUS PARDY PAREDES PAREDEZ PAREDIS PAREDO PARENT PARENTE PARENTI PARENTS PARETI PARFUMS PARGA PARGESA PARHAM PARIAGUA PARIBAS PARIBAS'S PARIS PARIS'S PARISI PARITY PARIZO PARK PARKA PARKAS PARKIN PARKINS PARKINSON PARKISON PARKLAND PARKMAN PARKS PARLATO PARLIAMENTARIANISM PARLIN PARLODEL PARMA PARMALAT PARMAN PARMAR PARMELE PARMESAN PARO PARODI PARODIST PARODY PARPART PARS PARSEC PARSEFAL PARSI PARSIFAL PARSIMONY PARSKY PARSON PARSONAGES PARSONS PART PARTECIPAZIONI PARTED PARTEN PARTI PARTIALITY PARTICIPANT PARTICIPANTS PARTICIPATED PARTICIPATORY PARTICIPLE PARTICIPLES PARTICLE PARTICLES PARTICULARITY PARTICULARLY PARTICULATES PARTIDA PARTIDO PARTIN PARTISAN PARTISANS PARTLY PARTON PARTS PARTUM PARTY PARVIN PARY PARZIALE PAS PASADENA PASCAL PASCO PASCUA PASCUAL PASCUTTO PASCUZZI PASEK PASEO PASK PASKO PASMAN PASO PASOK PASQUA PASQUALE PASQUINI PAST PASTA PASTAS PASTED PASTEL PASTELS PASTORA PASTORALISM PASTORINO PASTORIUS PASTRAMI PASTRANA PASTRY PASTS PASTULA PAT PATAGONIA PATAGONIAN PATAK PATAKI PATAKY PATALANO PATCO PATEK PATEL PATENT PATENTABLE PATENTED PATENTLY PATENTS PATERA PATERNALISM PATERNO PATESE PATIN PATINA PATINKIN PATINO PATIO PATIOS PATLAN PATMAN PATON PATONS PATRIARCA PATRICIO PATRICOF PATRILINEAL PATRIMONIAL PATRIMONY PATRIOT PATRIOTIC PATRIOTS PATRISTIC PATRIZIO PATROL PATROLMAN PATROLMEN PATROLS PATRON PATRONE PATRONIZES PATRONS PATRONYM PATRONYMIC PATRY PATS PATSY PATY PATZ PATZKE PAVEK PAVEL PAVELIC PAVELKA PAVELKO PAVESE PAVIA PAVILION PAVILIONS PAVLAK PAVLIC PAVLICA PAVLICEK PAVLIK PAVLIS PAVLOV PAVLOVIAN PAVLOVIC PAVO PAVON PAWELEK PAWELSKI PAWELSKY PAWLIKOWSKI PAWLOSKI PAWLOWSKI PAWLUK PAWTUXET PAXAR PAXSON PAZ PAZOS PAZUTO PECAN PECANINS PECANS PECINA PECO PECORA PECORARO PECORE PECOT PECTIC PECTIN PECTORIS PECULIAR PECULIARITIES PECULIARLY PEDAGOGICAL PEDAGOGY PEDAL PEDALS PEDANTIC PEDANTRY PEDEN PEDESTAL PEDESTALS PEDESTRIAN PEDESTRIANS PEDIATRIC PEDIATRICS PEDIGO PEDONE PEDRAZA PEDRO PEDROLI PEDROS PEDROSA PEDROSO PEDROZA PEG PEGASUS PEGRAM PEGS PEINADO PEIXOTO PEKALA PEKIN PEKO PEKRUL PELAEZ PELAGIAN PELAGIANS PELAGIC PELC PELE PELEKUNU PELICAN PELICANS PELIKAN PELINO PELKA PELKY PELON PELOQUIN PELOSI PELOSO PELOT PELS PELT PELTED PELTO PELTON PELTS PELTZ PELUSO PELVIC PELVIS PELZ PELZEL PEMBINA PEMBLE PEMBLETON PEN PENA PENAL PENALIZES PENALOZA PENALTY PENANS PENCIL PENCILS PENDANT PENDARVIS PENDELTON PENDLETON PENDOLA PENDRIL PENDRY PENDULUM PENELAS PENELOPE PENETRATED PENFIL PENFOLD PENGO PENGUIN PENGUINS PENINSULA PENIS PENISES PENISTON PENITENT PENJA PENKALA PENKAVA PENLAND PENMAN PENNEX PENNIX PENOBSCOT PENOLOGY PENRIL PENROD PENRY PENS PENSACOLA PENSKE PENSON PENSYL PENT PENTA PENTAGON PENTAGONS PENTECOST PENTECOSTAL PENTIMENTO PENTIUM PENTIUMS PENTLAND PENTON PENTRON PENTRUST PENTZ PENUMBRA PENURIOUS PENWEST PENZA PEON PEONS PEONY PEORIA PEP PEPCID PEPE PEPENADORES PEPI PEPIN PEPITA PEPLINSKI PEPSI PEPSICO PEPTIC PEQUENO PEQUIGNOT PERAS PERCEPTUAL PERELMAN PERES PERES'S PEREZ PERIA PERIDOT PERIL PERILS PERIOD PERIODIC PERIODICAL PERIODICALS PERIODONTAL PERIODS PERIPATETIC PERITO PERMUTATED PERONIST PERONISTS PERPETUATED PERPETUITY PERPLEX PERPLEXES PERPLEXITY PERSECUTED PERUGINA PERULAC PESATORI PESAVENTO PESCATORE PESCI PESEK PESETA PESETAS PESINA PESKIN PESKY PESO PESOLA PESOS PESSIMISM PEST PESTA PESTANA PESTKA PESTS PET PETA PETAK PETAL PETALS PETALUMA PETINO PETIPA PETITO PETKO PETKOVSEK PETKUS PETO PETR PETRA PETRAGLIA PETRAK PETRAKIS PETRALIA PETRARCA PETRAS PETRASEK PETREA PETRELS PETRI PETRICIOLI PETRIFY PETRIK PETRIN PETRINA PETRINI PETRINO PETRO PETROBRAS PETROCORP PETROFINA PETROL PETROLEOS PETROLEUM PETROLIA PETROLOGY PETROMIN PETRONAS PETRONE PETRONI PETRONIA PETRONIO PETROS PETROSA PETROSINO PETROSKI PETROSKY PETROVIC PETROVIETNAM PETROWSKI PETRU PETRUS PETRUSKA PETRUZZI PETRY PETS PETSMART PETULANT PETUNIA PETUNIAS PETZ PETZEL PETZOLD PEVETO PEW PEWABIC PEWS PEZ PEZIM PHALANX PHANTASM PHARISAISM PHARYNX PHENIX PHOTOTAXIS PHUA PI PIA PIACENTE PIACENTINI PIANA PIANIST PIANISTS PIANKA PIANO PIANOS PIASCIK PIASIO PIATEK PIATKOWSKI PIC PICA PICABO PICANTE PICARD PICARO PICAS PICAZO PICNIC PICNICS PICO PICON PICOP PICTET PICTON PICTORIAL PICTS PIET PIETISM PIETRO PIETRUSKI PIETY PIEZOELECTRIC PIG PIGAN PIGLET PIGLETS PIGMAN PIGMENT PIGMENTS PIGMY PIGNATARO PIGNATO PIGNONE PIGS PIGSKIN PIGSKINS PIGSTY PIK PIKUL PIKULA PIKUS PIL PILAF PILAND PILANT PILARSKI PILAT PILATO PILATUS PILEVSKY PILGRAM PILGRIM PILGRIMAGES PILGRIMS PILKENTON PILKINTON PILNAK PILON PILOT PILOTED PILOTS PILSON PILTZ PILZ PIMA PIMCO PIMENTAL PIMENTEL PIMP PIMPLAPURE PIMPLE PIMPLES PIMPS PIN PINA PINATUBO PINCUS PINDARIC PINEAL PINEDA PINEDO PINEO PINERO PINGEL PINGITORE PINGLETON PINHO PINI PINION PINK PINKELMAN PINKEST PINKHAM PINKOS PINKOWSKI PINKS PINKSTON PINKUS PINKY PINNIX PINO PINOLA PINOT PINS PINSKY PINSON PINT PINTA PINTAR PINTO PINTS PINY PINYAN PINZON PIO PION PIONTEK PIONTKOWSKI PIORKOWSKI PIOTROWSKI PIP PIPKIN PIPKINS PIPS PIRACY PIRANHA PIRATED PIRESTANI PIRKL PIRO PISA PISANI PISANO PISARSKI PISCA PISCOPO PISONI PISTIL PISTOL PISTOLS PISTON PISTONS PISTORIO PIT PITA PITBLADO PITIABLE PITIFUL PITINO PITKIN PITMAN PITOFSKY PITS PITSWON PITUITARY PITY PITZ PITZEN PIUS PIVONKA PIVOT PIVOTAL PIVOTED PIVOTS PIXIE PIXLER PIXLEY PIZANA PIZANO PIZZA PIZZANO PIZZAS PIZZIMENTI PIZZINO PIZZITOLA PIZZOLATO PIZZUTI PIZZUTO PLA PLACEBO PLACEBOS PLACEK PLACENTA PLACES PLACETA PLACETAS PLACID PLACIDA PLACIDLY PLACIDO PLAGENS PLAIA PLAISTED PLAM PLAMONDON PLAN PLANARIAN PLANAS PLANECON PLANET PLANETARIUM PLANETARY PLANETS PLANK PLANKS PLANKTON PLANKTONIC PLANO PLANS PLANT PLANTED PLANTRONIC PLANTRONICS PLANTS PLANTZ PLAS PLASMA PLASMINOGEN PLASMODIA PLASMODIUM PLASTIC PLASTICS PLATA PLATED PLATEK PLATEN PLATFORM PLATFORMS PLATO PLATONA PLATONIC PLATONIST PLATONISTS PLATY PLATYPUS PLATZ PLAVSIC PLAYTEX PLAZA PLAZAS PLAZIC PLED PLEMONS PLENET PLENTIFUL PLENTY PLENUM PLEONASM PLETZ PLEVA PLEXIGLASS PLIABLE PLIANT PLIMPTON PLINIUS PLINK PLINY PLISKA PLOCAR PLOCEK PLOD PLOG PLONKA PLONSKI PLOP PLOT PLOTKIN PLOTS PLOTZ PLUCINSKI PLUG PLUGS PLUM PLUMAGES PLUMERI PLUMP PLUMS PLUNGES PLUNK PLURAL PLURALISTIC PLURALIZES PLURALS PLURIBUS PLUS PLUS'S PLUSES PLUTA PLUTO PLUTOCRAT PLUTOCRATS PLUTONIAN PLUTONIC PLUTONIUM PLUVIAL PLY PLYBON PLYMPTON PO POBANZ POBLA POBLANO POBST POCAHONTAS POCIASK POCIUS POCO POCONO POCONOS POCUS POD PODANY PODCAST PODESTA PODIATRIST PODIUM PODIUMS PODLESKA PODNAR PODOLAK PODOLSKI PODOLSKY PODRASKY PODRAZA PODS PODUNK PODUSKA POEL POEM POEMS POET POETIC POETRY POETS POG POGO POGROM POGROMS POGS POHLE POKORNY POKORSKI POKY POL POLACEK POLAK POLAKOWSKI POLAN POLANCO POLAND POLANDRI POLANSKI POLANSKY POLARIS POLARITY POLASEK POLASKI POLASKY POLCYN POLEK POLEMIC POLEMICAL POLEMICIST POLEMICS POLEN POLEVANOV POLHAMUS POLHEMUS POLI POLICASTRO POLICES POLICY POLIDORI POLIDORO POLIFRONI POLIMENI POLIN POLINO POLINSKI POLINSKY POLIO POLIQUIN POLIS POLISARIO POLITANO POLITBURO'S POLITI POLITIC POLITICAL POLITICO POLITICOS POLITICS POLITIS POLITO POLITY POLITZ POLIVKA POLIZZI POLJE POLKA POLKAS POLLUX POLO POLONIUM POLONSKY POLS POLSBY POLSKIN POLSKY POLSON POLSTON POLUS POLY POLYAK POLYANDRY POLYBUTYLENE POLYCARPIC POLYCAST POLYCONOMICS POLYGAMY POLYGLOT POLYGON POLYGONAL POLYGRAM POLYGYNY POLYHEDRON POLYHEDRONS POLYHEMOGLOBIN POLYNOMIAL POLYOLEFIN POLYP POLYPS POLYSAR POLYSILICON POLYTHEISM POLYTROPIC POLYVINYL POLZIN POM POMA POMBO POMICINO POMODORO POMOLOGY POMONA POMP POMPA POMPANO POMPEO POMPILIO POMPLUN POMPOM POMPOMS POMPON POMPONIO POMPONS POMPOSITY PON PONCE PONCET POND PONDIMIN PONDS PONGRATZ PONIATOWSKI PONS PONT PONTBRIAND PONTES PONTI PONTIAC PONTIACS PONTIFICAL PONTIFICATED PONTIKES PONTIUS PONTO PONTON PONTS PONY PONZI PONZIO PONZO POP POPA POPCORN POPEK POPELKA POPIK POPKEN POPKIN POPKO POPLAWSKI POPLIN POPOLARE POPOV POPOVIC POPOWSKI POPS POPSICLE POPULACE POPULAR POPULARLY POPULATE POPULATING POPULATION POPULATIONS POPULOUS POR PORADA PORCARO PORCO PORCUPINE PORCUPINES PORDY POREMBA PORGES PORGY PORK PORKY PORN PORNO PORT PORTA PORTABILITY PORTABLE PORTABLES PORTAL PORTALES PORTALS PORTANOVA PORTCULIS PORTEC PORTED PORTELA PORTEND PORTENDS PORTENT PORTENTS PORTERA PORTFOLIO PORTFOLIOS PORTICO PORTINADI PORTIS PORTLAND PORTLY PORTMAN PORTO PORTS PORTUGAL PORTUGALIA PORTZ PORZIO POS POSA POSADA POSAVINA POSCO POSEN POSES POSIT POSITED POSITRON POSITRONS POSITS POSLUNS POSPISIL POST POSTAL POSTCARD POSTCARDS POSTDATED POSTED POSTEL POSTEMA POSTEN POSTERARO POSTERITY POSTINO POSTIT POSTMA POSTMAN POSTMARK POSTMORTEM POSTNATAL POSTON POSTREL POSTS POSTUM POSTWAR POSUVALYUK POT POTABLE POTAMKIN POTAPOV POTATO POTBARYOSKIN POTEMKIN POTEMPA POTEN POTENCY POTENT POTENZA POTOMAC POTRATZ POTS POTSDAM POTUCEK POTVIN POVEROMO POWERPC POWERPCS POZNAN POZNANSKI POZNIAK POZNIKOV POZO POZOS PRAB PRACTICABLE PRACTICAL PRACTICALITY PRACTICES PRADA PRADO PRAGMATIC PRAGMATIST PRAGMATISTS PRAN PRANCES PRANK PRANKS PRAPAS PRASAD PRASEK PRATAP PRATO PRATS PRAVDA PRAXAIR PRAZAK PRE PREAMBLE PREBIOTIC PREBLE PREBON PRECAMBRIAN PRECAST PRECEDED PRECEDENT PRECEDENTS PRECEPT PRECEPTS PRECHTL PRECINCT PRECINCTS PRECIP PRECIPITATED PRECLINICAL PRECLUDED PREDATED PREDATORY PREDICAMENT PREDICAMENTS PREDICATED PREDICT PREDICTABILITY PREDICTABLE PREDICTABLY PREDICTED PREDICTS PREDOMINANT PREDOMINANTLY PREDOMINATED PREEMINENT PREEMPT PREEMPTED PREEMPTS PREEXISTING PREFAB PREFABRICATED PREFABS PREFECT PREFRONTAL PREGNANCY PREGNANT PREGO PREHISTORIC PREJUDICES PRELIM PRELIMINARILY PRELIMINARY PRELIMS PREM PREMADASA PREMARITAL PREMARK PREMARKET PREMEDITATED PREMISES PREMIUM PREMIUMS PREMO PRENATAL PRENSA PRENTNIEKS PREOCCUPY PREP PREPARATORY PREPUCE PREQUEL PRERECORD PRERECORDED PRES PRESAGES PRESARIO PRESBY PRESBYTERIAN PRESBYTERIANS PRESCOT PRESENCES PRESENT PRESENTABLE PRESENTED PRESENTLY PRESENTMENT PRESENTS PRESET PRESIDED PRESIDENCY PRESIDENT PRESIDENTS PRESIDIO PRESIDIUM PRESLAR PRESLER PRESPLIT PREST PRESTA PRESTI PRESTIA PRESTO PRESTON PRESTOWITZ PRESUMABLY PRESUMPTUOUS PRET PRETEND PRETENDED PRETENDS PRETENSES PRETORIA PRETRIAL PRETZEL PRETZELS PREVAL PREVALENT PREVARICATED PREVENT PREVENTABLE PREVENTED PREVENTS PREVIN PREVITI PREVO PREVOST PREWAR PREZIOSI PREZIOSO PRI PRIAM PRIBULA PRIBYL PRICES PRICIEST PRICOR PRIDED PRIG PRIHODA PRIM PRIMA PRIMACY PRIMAKOV PRIMAL PRIMARILY PRIMARK PRIMARY PRIMAVERA PRIMERICA PRIMEVAL PRIMIANO PRIMITIVISTIC PRIMLY PRIMO PRIMORDIAL PRIMP PRIMROSES PRIMUS PRINCES PRINCIPAL PRINCIPALITY PRINCIPALS PRINCIPATO PRINCIPE PRINCIPIA PRINCIPLE PRINCIPLED PRINCIPLES PRINDLE PRINGLE PRINOS PRINS PRINSEN PRINT PRINTABLE PRINTED PRINTEMPS PRINTON PRINTS PRINTUP PRINTY PRINTZ PRINZ PRINZ'S PRIOLA PRIOLO PRIORE PRIORITIZES PRIORITY PRIRODA PRIS PRISCO PRISK PRISMATIC PRISON PRISONS PRITZ PRIVACY PRIVITERA PRIVY PRIZANT PRIZES PRO PROB PROBA PROBABILITY PROBABLE PROBABLY PROBASCO PROBENECID PROBITY PROBLEM PROBLEMATIC PROBLEMATICAL PROBLEMS PROBST PROBUS PROCARDIA PROCESO PROCIDA PROCLIVITY PROCONSUL PROCOPIO PROCORDIA PROCRASTINATED PROCREATED PROCTOLOGIST PROCTORSILEX PROCTOSCOPY PROCURE PROCURED PROCUREMENT PROCUREMENTS PROCURER PROCURING PROD PRODI PRODIGAL PRODIGY PRODS PRODUC PRODUCES PRODUCT PRODUCTIVITY PRODUCTS PROFANITY PROFETA PROFIT PROFITABILITY PROFITABLE PROFITABLY PROFITED PROFITS PROFLIGACY PROFS PROFUSE PROFUSELY PROFUSION PROGENY PROGESTIN PROGNOSES PROGNOSIS PROGNOSTICATED PROGRAM PROGRAMS PROHASKA PROHIBIT PROHIBITED PROHIBITORY PROHIBITS PROIA PROJECT PROJECTED PROJECTS PROKOP PROLACTIN PROLETARIAN PROLETARIAT PROLIFIC PROLINEA PROLOG PROM PROMILACIDIC PROMINENCES PROMINENT PROMINENTLY PROMISES PROMO PROMOS PROMOTED PROMPT PROMPTED PROMPTLY PROMPTS PROMS PROMULGATED PROMUS PRONOVOST PRONTO PROP PROPAGANDA PROPAGANDIST PROPAGANDISTIC PROPAGANDISTS PROPAGATED PROPEL PROPELS PROPENSITY PROPFAN PROPIONIC PROPONENT PROPONENTS PROPOSAL PROPOSALS PROPOSES PROPRIETARY PROPRIETY PROPS PROPST PRORATED PROROK PROS PROSAIC PROSCAR PROSECUTE PROSECUTES PROSECUTING PROSECUTION PROSECUTIONS PROSECUTOR PROSECUTORS PROSEK PROSODY PROSORBA PROSPECT PROSPECTS PROSPECTUS PROSPECTUSES PROSPEKT PROSPERA PROSPERI PROSPERITY PROST PROSTAGLANDIN PROSTAGLANDINS PROSTATECTOMY PROSTATIC PROTAGONIST PROTAGONISTS PROTEAN PROTECT PROTECTED PROTECTIONISM PROTECTS PROTEGE PROTEGES PROTEST PROTESTANT PROTESTANTS PROTESTED PROTESTS PROTHORAX PROTIGAL PROTIUM PROTO PROTOCOL PROTOCOLS PROTON PROTONS PROTOTYPICAL PROTOZOA PROTOZOAN PROTOZOANS PROTRACT PROTRACTED PROTROPIN PROTZ PROTZMAN PROULX PROVABLE PROVANT PROVEN PROVENCIO PROVENTUS PROVENZA PROVENZANO PROVERA PROVIDED PROVIDENIYA PROVIDENT PROVIDIAN PROVIGO PROVINCES PROVINCIALISM PROVINE PROVISO PROVISOS PROVO PROVOST PROVOSTS PROVUS PROXIES PROXIMATE PROXMIRE PROZAC PRU PRUCAPITAL PRUDEN PRUDENCY PRUDENT PRUDENTLY PRUDENTRUST PRUDIT PRUNEDA PRUNTY PRURIENT PRUS PRUSAK PRUSINSKI PRUSKI PRUST PRUTZMAN PRY PRZYBYL PRZYBYLA PRZYBYLSKI PRZYWARA PU PUB PUBCO PUBERTY PUBLIC PUBLICIS PUBLICIST PUBLICISTS PUBLICITY PUBLICLY PUBLICS PUBS PUDER PUDLO PUDONG PUEBLA PUEBLO PUENTES PUERTO PUFAHL PUG PUGLIA PUGLIESE PUGLISI PUKE PUKES PULCINI PULEO PULIDO PULKRABEK PULMONARY PULOS PULP PULPIT PULPITS PULS PULSES PULTE PULTZ PUMA PUMA'S PUMILIA PUMP PUMPKIN PUMPKINS PUMPS PUN PUNCTUAL PUNCTUALITY PUNCTUATED PUNDIT PUNDITRY PUNDITS PUNGENT PUNGENTLY PUNIT PUNITIVE PUNJAB PUNK PUNKIN PUNKS PUNKY PUNS PUNSALAN PUNT PUNTA PUNTO PUNTS PUOPOLO PUP PUPO PUPS PURA PURE PUREBRED PUREBREDS PUREE PURELY PURER PURI PURIFICATION PURIFIED PURIFIER PURIFIERS PURIFOY PURIFYING PURILE PURIM PURINGTON PUROLATOR PUS PUSAN PUSATERI PUSEY PUSKAS PUT PUTATIVE PUTCO PUTE PUTES PUTMAN PUTNAM PUTS PUTZ PUZA PUZIO PUZO PYGMALION PYGMY PYKA PYLAND PYLANT PYLON PYLONS PYLORI PYLOS PYRAMID PYRAMIDS PYRENA PYRO PYRON PYROXENE PYTEL Q.'S QANA QANTAS QASR QATAR QAWI QI QIAN QIN QIRYAT QOM QU QUA QUAD QUADRA QUADRANT QUADRICEPS QUADRIPLEGIC QUADRUPLE QUADRUPLED QUADRUPLING QUADS QUAGLIA QUAL QUALCAST QUALIFY QUALITY QUAM QUAN QUANDT QUANT QUANTICO QUANTIFIABLE QUANTIFY QUANTITY QUANTUM QUAQUIL QUARK QUARKS QUARNSTROM QUART QUARTARARO QUARTET QUARTETS QUARTO QUARTS QUARTZ QUASAR QUASI QUAST QUAZULU QUE QUEBEC QUEBECOR QUEK QUEL QUENBY QUENTIN QUERIDA QUERY QUES QUESADA QUESNEL QUEST QUESTRAN QUESTROM QUESTS QUEVEDO QUEZADA QUI QUID QUIET QUIETED QUIETEST QUIETIST QUIETLY QUIETS QUIJADA QUIJANO QUIK QUILALI QUILES QUILICI QUILT QUILTED QUILTS QUILTY QUIMBY QUIN QUINA QUINBY QUINCY QUINDLEN QUINLAN QUINLIN QUINLIVAN QUINOBEQUIN QUINOCO QUINON QUINONEZ QUINT QUINTA QUINTAL QUINTANA QUINTELA QUINTERO QUINTEROS QUINTET QUINTIN QUINTINA QUINTO QUINTON QUINTS QUINTUPLE QUINTUPLET QUINTUPLETS QUIP QUIPS QUIRAM QUIRIN QUIRION QUIROGA QUIROS QUIROZ QUIRY QUIST QUIT QUITO QUITS QUIZ QUO QUON QUORUM QUORUMS QUOTA QUOTABLE QUOTAS QUOTED QUOTRON R'S R. R.S RA RAB RABAGO RABEL RABEN RABENOLD RABES RABI RABID RABIN RABINOVITZ RABINOWITZ RABKIN RABOBANK RABOLD RABON RABUKA RABUN RABY RACAL RACES RACIALISM RACICOT RACIEST RACIST RACISTS RACY RAD RADA RADANT RADAR RADARS RADATZ RADAVAN RADEL RADEN RADI RADIAL RADIALS RADIANT RADIATED RADICAL RADICALS RADIN RADINKA RADIO RADIOACTIVITY RADIOLOGICAL RADIOLOGIST RADIOLOGISTS RADIOLOGY RADIOMAN RADIOS RADITZ RADIUM RADIUS RADKE RADKO RADLE RADLER RADMAN RADMUND RADO RADOLF RADOMSKI RADON RADOS RADOVAN RADU RADWAN RADY RADZIK RAF RAFAEL RAFALSKI RAFI RAFIK RAFSANJANI RAFT RAFTED RAFTS RAFUSE RAG RAGAN RAGAS RAGAVAN RAGEL RAGEN RAGES RAGIN RAGLAND RAGLE RAGLIN RAGMEN RAGO RAGON RAGONA RAGONE RAGONESE RAGS RAGTAG RAGTOP RAGU RAGUSA RAHAL RAHE RAHIM RAHUL RAI RAIA RAILTEX RAJ RAJALA RAJIV RAJKO RAJKUMAR RAJU RAK RAKOCY RAKOLTA RAKOVICA RALESES RALF RALSTON RAM RAMA RAMADA RAMADAN RAMALA RAMAN RAMASWAMI RAMAT RAMBIN RAMBLE RAMBLED RAMBO RAMEL RAMERIZ RAMESES RAMI RAMIFY RAMIRES RAMIREZ RAMIRO RAMO RAMON RAMONA RAMONDA RAMOS RAMP RAMPAGES RAMPANT RAMPARTS RAMPS RAMPY RAMQVIST RAMROD RAMS RAMSDEN RAMSES RAMSTAD RAMTEK RAMU RAMUNE RAMUS RAMZI RAN RANA RANCID RANCIDITY RANCO RAND RANDA RANDAL RANDEL RANDI RANDLE RANDLEMAN RANDLES RANDO RANDOL RANDOLF RANDOM RANDOMLY RANDS RANDY RANERI RANFT RANGEL RANGES RANGY RANI RANIA RANIERI RANK RANKIN RANKINS RANKLE RANKLED RANKLES RANKS RANS RANSOM RANSOMS RANSON RANT RANTA RANTALA RANTED RANTZ RANUM RANZ RAP RAPAPORT RAPID RAPIDITY RAPIDLY RAPIDS RAPIST RAPISTS RAPKIN RAPOCA RAPOPORT RAPOSA RAPOSO RAPOZA RAPOZO RAPS RAPSON RAPT RAPTIS RAPTLY RAPTORIAL RAPUANO RARA RARDON RAREFY RAREST RARITAN RARITY RAS RASBURY RASCAL RASCALS RASCO RASCON RASIA RASK RASKA RASKIN RASKYN RASMIN RASMUS RASMUSON RASO RASP RASPS RASPUTIN'S RASPY RAST RASTUS RAT RATA RATED RATICAN RATIFY RATIO RATIOS RATKO RATKOWSKI RATON RATS RATU RATZ RAULS RAVAGES RAVAN RAVEL RAVELO RAVEN RAVENEL RAVENS RAVENSCRAFT RAVENSCROFT RAVI RAVIN RAVINDRAN RAVINUS RAVIOLI RAVITZ RAWALPINDI RAXTER RAZ RAZA RAZO RAZZANO RE REABSORB REACT REACTED REACTIVATED REACTIVITY REACTS READMIT REAGANISM REAGENT REAGENTS REALISM REALIST REALISTIC REALISTS REALITY REALIZABLE REALIZES REALTY REANALYZES REARM REARMAMENT REAWAKEN REBA REBAR REBATED REBEKA REBEL REBELO REBELS REBHOLZ REBID REBMAN REBO REBORN REBUKE REBUKED REBUKES REBUKING REBUS REBUT REC RECADI RECALCITRANT RECALCULATE RECALCULATING RECALCULATION RECANT RECANTED RECAP RECAPS RECAST RECEDED RECENT RECENTLY RECEPTACLE RECEPTACLES RECEPTIVITY RECIDIVIST RECIDIVISTS RECINE RECIO RECIPE RECIPES RECIPIENT RECIPIENTS RECIPROCAL RECIPROCANT RECIPROCANTS RECIPROCATED RECIPROCITY RECITAL RECITALS RECITED RECO RECOGNIZABLE RECOGNIZABLY RECOGNIZES RECOMBINANT RECON RECONSTITUTED RECONSTRUCT RECONSTRUCTED RECORD RECORDABLE RECORDED RECORDS RECORE RECOTON RECREATED RECTAL RECTANGLE RECTANGLES RECTANGULAR RECTENWALD RECTIFY RECTUM RECUPERO RECUSE RECUSED RECUSING RECYCLABLE RECYCLABLES RECYCLE RECYCLED RECYCLES RECYCLING RED REDA REDACT REDACTED REDBUD REDCO REDEL REDENIUS REDEVELOP REDEVELOPMENT REDHANDED REDI REDIAL REDIC REDID REDISTRIBUTE REDISTRIBUTING REDISTRIBUTION REDISTRIBUTIVE REDKEN REDLAND REDLIN REDMAN REDMON REDMOND REDMUND REDO REDOGLIA REDOLENT REDONDO REDRAFT REDRAFTED REDS REDSKIN REDSKINS REDUCES REDUCIBLE REDUNDANCY REDUNDANT REDUS REDWALD REEDUCATION REELECT REELECTED REENACT REENACTED REENACTMENT REENACTMENTS REENACTS REENTRY REEVALUATING REEVALUATION REEXAMINATION REEXAMINE REEXAMINED REEXAMINING REF REFCO REFCORP REFENES REFINANCES REFIT REFLAG REFLECT REFLECTED REFLECTS REFLEXIVE REFLEXIVELY REFOCUS REFOCUSES REFOREST REFORM REFORMA REFORMATORY REFORMIST REFORMISTS REFORMS REFORMULATE REFSNES REFUELED REFUELING REFUGE REFUGE'S REFUGEE REFUGEES REFUND REFUNDABLE REFUNDED REFUNDS REFUSE REFUSED REFUSENIK REFUSENIKS REFUSING REFUTATION REFUTE REFUTES REFUTING REG REGA REGAL REGALADO REGALIA REGAN REGARD REGARDED REGARDS REGAS REGEL REGEN REGENCY REGENT REGENTS REGIMEN REGIMENS REGIMENT REGIMENTAL REGIMENTED REGIMENTS REGINA REGINALD REGIS REGISTRANT REGISTRANTS REGISTRAR REGISTRARS REGISTRY REGO REGRET REGRETFUL REGRETS REGS REGULA REGULAR REGULARLY REGULARS REGULATE REGULATES REGULATING REGULATINGLY REGULATION REGULATIONS REGULATIVE REGULATOR REGULATORS REGWAN REHA REHAB REHABILITATED REHABILITY REHAK REICHART REIGNITED REINA REINCARNATED REINDL REINFORCES REINSPECT REINSTATED REINSTITUTED REINTEGRATED REINTRODUCES REINVENT REINVENTED REINVEST REINVESTED REINVESTMENT REINVESTS REINVITED REIST REITANO REJECT REJECTED REJECTS REJUVENATED REKINDLE REKINDLED RELABEL RELAPSES RELATED RELATIVISTIC RELATIVITY RELAXATION RELAXED RELAXING RELEGATED RELEND RELENT RELENTED RELEVANCY RELEVANT RELF RELI RELIABILITY RELIABLE RELIABLY RELIANT RELIC RELICS RELIFORD RELIG RELIGIONE RELIGIOSITY RELMAN RELOCATED RELONDO RELORAL RELUCTANT RELUCTANTLY RELY REM REMALY REMAND REMANDED REMARK REMARKABLE REMARKABLY REMARKET REMARKETED REMARKS REMBOLD REMCO REMEDIAL REMEDY REMEMBRANCES REMI REMIC REMICS REMIGIO REMIND REMINDED REMINDS REMIS REMIT REMNANT REMNANTS REMO REMODEL REMOLD REMOLDED REMOTEST REMOVABLE REMOVAL REMOVALS REMPAC REMPEL REMSEN REMSON REMUS REMY REN RENA RENAL RENALDO RENAMO RENARD RENATA RENATE RENATO RENCEN RENCO RENDA RENDINA RENDLEMAN RENDON RENE RENEGOTIATED RENEHAN RENFRO RENGEL RENGO RENIN RENISON RENITA RENK RENKEN RENKO RENMINBI RENO RENOIR RENOIRS RENOMINATED RENOVATABLE RENOVATED RENQUIST RENS RENSTROM RENT RENTA RENTABLE RENTAL RENTALS RENTAS RENTED RENTERIA RENTFRO RENTON RENTS RENTZ RENUZIT RENY RENZ RENZI REO REOCCUPY REOPEN REOPENS REORGANIZES REORIENT REP REPAP REPASKY REPATRIATED REPEL REPELS REPENT REPENTANT REPENTED REPENTS REPINSKI REPKA REPKO REPLACES REPLANT REPLANTED REPLICA REPLICAS REPLICATED REPLIGEN REPLOGLE REPLY REPO REPORT REPORTABLE REPORTED REPORTEDLY REPORTS REPOS REPOSA REPOSITORY REPR REPREHENSIBLE REPRESENT REPRESENTED REPRESENTS REPRIMAND REPRIMANDED REPRIMANDS REPRINT REPRINTED REPRINTS REPRISAL REPRISALS REPRODUCES REPROGENETICS REPROGRAM REPROGRAMS REPS REPSOL REPTILIAN REPTILIANS REPUBLIC REPUBLICA REPUBLICAN REPUBLICANS REPUBLICBANK REPUBLICS REPUBLIKA REPUDIATE REPUDIATES REPUDIATING REPUDIATION REPUGNANT REPUTATION REPUTATIONS REPUTE REQUA REQUALIFY REQUEST REQUESTED REQUESTS REQUIEM REREGULATE REREGULATION RERUN RERUNS RES RESCIGNO RESCUE RESCUED RESCUER RESCUERS RESCUES RESCUING RESDEL RESEDA RESEMBLANCES RESEMBLE RESEMBLED RESEMBLES RESEMBLING RESENDE RESENDEZ RESENDIZ RESENT RESENTED RESENTFUL RESENTMENT RESENTMENTS RESENTS RESET RESETS RESIDED RESIDENCES RESIDENCY RESIDENT RESIDENTS RESIDUAL RESIDUALS RESILIENCY RESILIENT RESIN RESINS RESIST RESISTANT RESISTED RESISTS RESNIK RESO RESOLD RESONANT RESONATED RESORT RESORTED RESORTS RESPECT RESPECTABILITY RESPECTABLE RESPECTABLY RESPECTED RESPECTFUL RESPECTS RESPLENDENT RESPOND RESPONDED RESPONDENT RESPONDENTS RESPONDS RESPONSES RESPONSIBILITY RESPONSIBLE RESPONSIBLY REST RESTAINO RESTART RESTARTED RESTATED RESTED RESTFUL RESTIVO RESTO RESTON RESTREPO RESTRICT RESTRICTED RESTRICTS RESTS RESUBMIT RESULT RESULTANT RESULTED RESULTS RET RETA RETABLOS RETAKEN RETALIATED RETALIATORY RETANA RETARD RETARDANT RETARDED RETARDS RETEST RETESTED RETESTS RETI RETICENT RETIN RETINA RETINAL RETINOBLASTOMA RETINOL RETINYL RETLIN RETO RETORT RETORTED RETORTS RETRACT RETRACTABLE RETRACTED RETRACTS RETRIAL RETRIBUTION RETRO RETROACTIVITY RETROFIT RETROFITS RETROSPECT RETROVIR RETROVIRUS RETROVIRUSES RETRY RETZ REUM REUNIFY REUNION REUNIONS REUNITED REUSABLE REUSE REUSING REV REVA REVAK REVALUATION REVALUE REVALUED REVALUING REVAMP REVAMPS REVARD REVCO REVEL REVELATORY REVELES REVELRY REVELS REVIGLIO REVIS REVISES REVISIONISM REVISIT REVISITED REVISITS REVIVAL REVIVALIST REVIVALS REVLON REVOCABLE REVOIR REVOLT REVOLTED REVOLTS REVOLUCION REVOLUCIONARIO REVORD REVS REVSON REVUE REVUELTA REVUES REVZIN REWARD REWARDED REWARDS REWIND REXALL REXENE REXFORD REXHAM REXROAD REXROAT REXRODE REXRODT REXROTH REZA REZABEK REZAC REZEK REZENDES REZNICEK REZNIK RIA RIAD RIADY RIADYS RIAL RIB RIBA RIBALD RIBALDRY RIBAR RIBAS RIBAVIRIN RIBERA RIBI RIBKA RIBONUCLEIC RIBS RIC RICA RICAN RICANS RICARD RICARDO RICHART RICIGLIANO RICO RICOSTRUZIONE RID RIDABLE RIDEN RIDICULE RIDICULED RIDICULES RIDICULING RIDICULOUS RIDICULOUSLY RIDLON RIDOLFI RIDS RIEDL RIFKIN RIFKIND RIFLE RIFLED RIFLEMAN RIFLERY RIFLES RIFT RIFTS RIG RIGA RIGAS RIGATONI RIGBY RIGDON RIGEL RIGID RIGIDITY RIGIDLY RIGLER RIGO RIGONI RIGS RIGSBY RIHA RIJN RIKELD RIKLIS RIKSBANK RIKSDAG RILWANU RIM RIMA RIMEL RIMKUS RIMS RIMSON RINA RINALDI RINALDO RINAS RINCON RIND RINDS RINGEL RINGLAND RINGLE RINGLER RINGO RINGOLD RINI RINK RINKO RINKS RINTALA RINTEL RINTELS RIO RIOJAS RIOLO RION RIOPEL RIOS RIOT RIOTED RIOTS RIP RIPA RIPEN RIPKA RIPKEN RIPKIN RIPS RISA RISC RISDEN RISDON RISEN RISES RISI RISIN RISK RISKIEST RISKIN RISKO RISKS RISKY RISO RISON RISPOLI RIST RISTON RITA RITALIN RITSEMA RITSON RITUAL RITUALISTIC RITUALS RITZ RITZEL RITZIEST RITZMAN RITZY RIVA RIVAL RIVALRY RIVALS RIVAS RIVEN RIVENBARK RIVERA RIVERO RIVEST RIVET RIVETED RIVETS RIVIERA RIVIERES RIVKIN RIVKIND RIVLIN RIYALS RIZ RIZK RIZO RIZZOLO RIZZUTI RIZZUTO RO ROA ROB ROBAK ROBAR ROBARE ROBART ROBARTS ROBEL ROBELO ROBERTO ROBESON ROBIA ROBIN ROBINA ROBINIA ROBINS ROBINS'S ROBINSON ROBINSONS ROBISON ROBLE ROBLEDO ROBLES ROBLIN ROBLING ROBO ROBOCOP ROBOT ROBOTIC ROBOTICS ROBOTS ROBS ROBSON ROBUST ROBUSTA ROBUSTAS ROBUSTLY ROBY ROBYN ROC ROCA ROCAP ROCOCO ROD RODA RODAK RODAS RODELA RODEN RODENT RODENTS RODEO RODEOS RODI RODIN RODINE RODINO RODMAN RODMOND RODMUND RODOLF RODOLFO RODRIGO RODS RODY ROEDL ROFIN ROG ROGAL ROGALA ROGALSKI ROGAN ROGEL ROGELIO ROGIN ROGINSKI ROGOWSKI ROGOZINSKI ROGSTAD ROGUS ROHANA ROHATYN ROHYPNOL ROJAS ROJEK ROJO ROKA ROKAR ROKOS ROL ROLAN ROLAND ROLANDA ROLANDO ROLDAN ROLEN ROLF ROLFS ROLFSON ROLIN ROLISON ROLON ROLSTON ROLT ROM ROMA ROMAGNOLI ROMAGNOLO ROMAN ROMANCES ROMANEK ROMANI ROMANIA ROMANIAN ROMANIANS ROMANIK ROMANO ROMANOSKI ROMANOV ROMANOWSKI ROMANS ROMANSKI ROMANTIC ROMANTICS ROMANY ROMAS ROMEL ROMEO ROMERO ROMIG ROMILDA ROMINA ROMINE ROMITO ROMO ROMOLA ROMP ROMS RON RONA RONALD RONALDA RONAN RONCA RONCO RONDA RONDON RONDONIA RONEN RONI RONIN RONK RONKO RONSON ROPAK ROPS RORK RORY ROS ROSA ROSABEL ROSADO ROSALEZ ROSALIA ROSALIND ROSALINDA ROSALYN ROSALYND ROSAMILIA ROSAMOND ROSAMUND ROSAN ROSANO ROSARIA ROSARIO ROSAS ROSASCO ROSATI ROSATO ROSEL ROSEN ROSENBLUM ROSENCRANS ROSENFELD ROSENGARTEN ROSENGRANT ROSENGREN ROSENKRANS ROSENKRANTZ ROSENLUND ROSENMAN ROSENQUIST ROSENWALD ROSES ROSIAK ROSIN ROSINA ROSINE ROSINSKI ROSINSKY ROSITA ROSKAM ROSKO ROSKOS ROSLIN ROSLUND ROSLYN ROSMAN ROSMUNDA ROSNEFT ROSOL ROST ROSTAD ROSTON ROSTOV ROSTRON ROSTRUM ROSTUCA ROSTY ROSWALD ROSY ROT ROTA ROTAN ROTATED ROTBLAT ROTEA ROTEN ROTHWAX ROTI ROTMAN ROTO ROTOLO ROTONDI ROTONDO ROTRAMEL ROTS ROTUND ROTUNDA ROTUNDO ROTZ ROVANIEMI ROVEN ROVIRA ROVITO ROXANNA ROXIE ROXINE ROYEX ROYEX'S ROZ ROZA ROZAK ROZANSKI ROZAS ROZEK ROZEMA ROZEN ROZMAN ROZNOWSKI ROZSA RU RUA RUAM RUANO RUARK RUB RUBALCABA RUBALCAVA RUBANO RUBEL RUBEN RUBENFELD RUBENS RUBERTO RUBI RUBIA RUBICAM RUBICON RUBIK RUBIN RUBINA RUBINO RUBINSON RUBIO RUBIOS RUBIS RUBLE RUBLES RUBRIC RUBS RUBY RUCINSKI RUD RUDA RUDANI RUDEL RUDEN RUDEST RUDI RUDIMENT RUDIMENTS RUDIN RUDIS RUDKIN RUDMAN RUDNET RUDNIK RUDOLF RUDY RUEDA RUF RUFINA RUFO RUFTY RUFUS RUG RUGBY RUGEN RUGERONI RUGS RUHUL RUIN RUINS RUIS RUIZ RUKAVINA RULA RULAND RULISON RULON RUM RUMAN RUMANIA RUMANIAN RUMBLE RUMBLED RUMBLES RUMBLING RUMBLINGS RUMBOLD RUMEN RUMFELT RUMINA RUMINANT RUMINATED RUMINSKI RUMP RUMPEL RUMPF RUMPLE RUMPLED RUMS RUMSFELD RUMSON RUN RUNCO RUND RUNDLE RUNDQUIST RUNION RUNIONS RUNK RUNKEL RUNKLE RUNKLES RUNKO RUNQUIST RUNS RUNUP RUNUPS RUNYAN RUNYON RUOTOLO RUPERTA RUPLE RUPOSI RURAL RURIK RURITANIA RUS RUSALKA RUSCONI RUSES RUSIN RUSINKO RUSK RUSKIN RUSLAN RUSNAK RUST RUSTAD RUSTED RUSTIC RUSTIEST RUSTIGAN RUSTIN RUSTON RUSTS RUSTY RUSTYS RUT RUTA RUTABAGA RUTABAGAS RUTAN RUTGARD RUTIGLIANO RUTKOSKI RUTKOWSKI RUTLAND RUTMAN RUTS RUTZ RUTZEN RUVALCABA RUVOLO RUXPIN'S RUZEK RWANDA'S RWANDAN'S RYAL RYALS RYAN RYANS RYAVA RYBA RYBAK RYBAKOV RYBINSKI RYBKA RYBOLT RYCROFT RYDEN RYDMAN RYEN RYKA RYKIEL RYKOWSKI RYLAN RYLAND RYMAN RYNO RYOBI RYON RYS RYSAVY RYSKAMP RYTON RYUTARO RYUZO RZASA RZEPKA S. S.'S SA SABA SABALA SABALAN SABAN SABAS SABAT SABATINE SABATINI SABATINO SABATISTA SABATISTAS SABATKA SABATO SABEDRA SABEL SABENA SABIA SABIN SABINA SABINO SABINS SABLAN SABLE SABLES SABO SABOL SABRA SABRINA SABRY SABTA SABUNUMA SAC SACO SACRA SACRAMENT SACRAMENTAL SACRAMENTO SACRAMENTS SACRED SACRIFICES SACROSANCT SACS SAD SADA SADAKA SADAKO SADAT SADEK SADIRA SADIST SADISTIC SADLON SADLY SADO SADOWSKI SAFARI SAFARIS SAFEST SAFIAN SAFKO SAFRA SAFRAN SAFRANEK SAFRIT SAG SAGA SAGAN SAGANSKY SAGAR SAGAS SAGEN SAGES SAGO SAGONA SAGRAVES SAGS 